id,PredictionString
00188a671292_study,negative 1 0 0 1 1
004bd59708be_study,negative 1 0 0 1 1
00508faccd39_study,negative 1 0 0 1 1
006486aa80b2_study,negative 1 0 0 1 1
00655178fdfc_study,negative 1 0 0 1 1
00a81e8f1051_study,negative 1 0 0 1 1
00be7de16711_study,negative 1 0 0 1 1
00c7a3928f0f_study,negative 1 0 0 1 1
00d63957bc3a_study,negative 1 0 0 1 1
0107f2d291d6_study,negative 1 0 0 1 1
0154653179fa_study,negative 1 0 0 1 1
015f89ec55ea_study,negative 1 0 0 1 1
0241bc13eac6_study,negative 1 0 0 1 1
025bfc117ff8_study,negative 1 0 0 1 1
028abd3504b6_study,negative 1 0 0 1 1
02ee3a9820eb_study,negative 1 0 0 1 1
0321bb7f84b5_study,negative 1 0 0 1 1
03e0a59d9b8a_study,negative 1 0 0 1 1
03fc9ec0dba8_study,negative 1 0 0 1 1
045783dbe7d1_study,negative 1 0 0 1 1
04c42f33c006_study,negative 1 0 0 1 1
04c4e92d40b8_study,negative 1 0 0 1 1
04d0f88f790a_study,negative 1 0 0 1 1
059007b73d82_study,negative 1 0 0 1 1
05ce6249b5c0_study,negative 1 0 0 1 1
05f22f0c2412_study,negative 1 0 0 1 1
061969abb8a5_study,negative 1 0 0 1 1
063ee1363644_study,negative 1 0 0 1 1
06d315ac12ff_study,negative 1 0 0 1 1
06fa49182629_study,negative 1 0 0 1 1
070d030a9ff7_study,negative 1 0 0 1 1
07467db0a5ae_study,negative 1 0 0 1 1
074763143b55_study,negative 1 0 0 1 1
07bac22f0a34_study,negative 1 0 0 1 1
080ea6634d62_study,negative 1 0 0 1 1
0816f9d3875e_study,negative 1 0 0 1 1
0838c0a2c424_study,negative 1 0 0 1 1
0843b8e9ca34_study,negative 1 0 0 1 1
0847751da0f7_study,negative 1 0 0 1 1
08cc9af3edf8_study,negative 1 0 0 1 1
096601e1340d_study,negative 1 0 0 1 1
098be79259d5_study,negative 1 0 0 1 1
0992f862466e_study,negative 1 0 0 1 1
0a50336ef885_study,negative 1 0 0 1 1
0ac42f524362_study,negative 1 0 0 1 1
0b1d3c1abed3_study,negative 1 0 0 1 1
0b1f60821d8f_study,negative 1 0 0 1 1
0b55f8263527_study,negative 1 0 0 1 1
0b6af2d5fa06_study,negative 1 0 0 1 1
0ba4b75a0784_study,negative 1 0 0 1 1
0bc43d526b5d_study,negative 1 0 0 1 1
0bdd39af9529_study,negative 1 0 0 1 1
0cca5e135833_study,negative 1 0 0 1 1
0d21581c34cf_study,negative 1 0 0 1 1
0d476d070d71_study,negative 1 0 0 1 1
0d7e69753505_study,negative 1 0 0 1 1
0d90fdee21da_study,negative 1 0 0 1 1
0dd6457640a2_study,negative 1 0 0 1 1
0e5a61d4ecaf_study,negative 1 0 0 1 1
0e6a7ad528a2_study,negative 1 0 0 1 1
0e72153af29d_study,negative 1 0 0 1 1
0e943735788f_study,negative 1 0 0 1 1
0ebc8d73fad5_study,negative 1 0 0 1 1
0ebcd444ab94_study,negative 1 0 0 1 1
0ec0901a5d45_study,negative 1 0 0 1 1
0ecd0d14d4f4_study,negative 1 0 0 1 1
0f6a24630aae_study,negative 1 0 0 1 1
0f78e4f5c662_study,negative 1 0 0 1 1
0fa7372c4120_study,negative 1 0 0 1 1
0fb12a40b091_study,negative 1 0 0 1 1
102b201f8074_study,negative 1 0 0 1 1
10450f9a0671_study,negative 1 0 0 1 1
106326aea184_study,negative 1 0 0 1 1
108d012276cd_study,negative 1 0 0 1 1
10e136a7def6_study,negative 1 0 0 1 1
10e407d29b98_study,negative 1 0 0 1 1
112fca0c27c7_study,negative 1 0 0 1 1
1150b14c8978_study,negative 1 0 0 1 1
11808a6c4ebc_study,negative 1 0 0 1 1
119e45ffb508_study,negative 1 0 0 1 1
1204a99587e8_study,negative 1 0 0 1 1
124796c05943_study,negative 1 0 0 1 1
12d16bfd378c_study,negative 1 0 0 1 1
12d71150e1c6_study,negative 1 0 0 1 1
12e91c6be34e_study,negative 1 0 0 1 1
134a29f5263d_study,negative 1 0 0 1 1
13dd8cf5ae88_study,negative 1 0 0 1 1
14072c7f2a75_study,negative 1 0 0 1 1
1432f644f41a_study,negative 1 0 0 1 1
1448dfb57548_study,negative 1 0 0 1 1
147a09511a1b_study,negative 1 0 0 1 1
148c96b41de4_study,negative 1 0 0 1 1
149c8d66e874_study,negative 1 0 0 1 1
14be2e12c7cf_study,negative 1 0 0 1 1
1517e9b8a9f3_study,negative 1 0 0 1 1
1595ac3e0da9_study,negative 1 0 0 1 1
15c748a291eb_study,negative 1 0 0 1 1
163abcbc5d4a_study,negative 1 0 0 1 1
164b05333dd6_study,negative 1 0 0 1 1
164de8fd99f3_study,negative 1 0 0 1 1
1655b1e7933e_study,negative 1 0 0 1 1
16924e50c674_study,negative 1 0 0 1 1
17562fa44338_study,negative 1 0 0 1 1
1777481e665f_study,negative 1 0 0 1 1
17ffbc3d2207_study,negative 1 0 0 1 1
1834c71c3ae8_study,negative 1 0 0 1 1
1846f85eefa1_study,negative 1 0 0 1 1
18acddb9abb7_study,negative 1 0 0 1 1
18b75ba2b7e9_study,negative 1 0 0 1 1
18c4af7e2309_study,negative 1 0 0 1 1
18c748563dad_study,negative 1 0 0 1 1
18d983a50a6c_study,negative 1 0 0 1 1
18ffa70a4a16_study,negative 1 0 0 1 1
191774101c9d_study,negative 1 0 0 1 1
19a13254e857_study,negative 1 0 0 1 1
19a57af80883_study,negative 1 0 0 1 1
19b12e65a279_study,negative 1 0 0 1 1
19b85f5e7b8c_study,negative 1 0 0 1 1
19b9a8cb7587_study,negative 1 0 0 1 1
19c66935e737_study,negative 1 0 0 1 1
1a066eb95115_study,negative 1 0 0 1 1
1a3ded50a43c_study,negative 1 0 0 1 1
1a59ea3cecd6_study,negative 1 0 0 1 1
1a77f709c788_study,negative 1 0 0 1 1
1a9c5c2f7e59_study,negative 1 0 0 1 1
1a9f44aee665_study,negative 1 0 0 1 1
1aa3bb040531_study,negative 1 0 0 1 1
1ae25872bc71_study,negative 1 0 0 1 1
1ae711bf2282_study,negative 1 0 0 1 1
1b11175dece3_study,negative 1 0 0 1 1
1b196a72b78e_study,negative 1 0 0 1 1
1b2461a133fe_study,negative 1 0 0 1 1
1b318f080b44_study,negative 1 0 0 1 1
1b59d0b0ce5e_study,negative 1 0 0 1 1
1b7084d11c83_study,negative 1 0 0 1 1
1b742fd5cbb8_study,negative 1 0 0 1 1
1ba7f3f733ef_study,negative 1 0 0 1 1
1bc28a510f3f_study,negative 1 0 0 1 1
1be8a02fd932_study,negative 1 0 0 1 1
1c57d288256c_study,negative 1 0 0 1 1
1c68665f6172_study,negative 1 0 0 1 1
1c716d133c0c_study,negative 1 0 0 1 1
1c9e697113ad_study,negative 1 0 0 1 1
1cc565a82e77_study,negative 1 0 0 1 1
1d1ad3db8061_study,negative 1 0 0 1 1
1d2ad8808b78_study,negative 1 0 0 1 1
1d35f2fd66d3_study,negative 1 0 0 1 1
1d3a22017cc8_study,negative 1 0 0 1 1
1d4a182c0628_study,negative 1 0 0 1 1
1d4d06e6949b_study,negative 1 0 0 1 1
1d54c8a15099_study,negative 1 0 0 1 1
1d7b78acc1ff_study,negative 1 0 0 1 1
1d8b4a15135f_study,negative 1 0 0 1 1
1dd2fb2d3f1e_study,negative 1 0 0 1 1
1de50b53d3ed_study,negative 1 0 0 1 1
1df9ecb29c1d_study,negative 1 0 0 1 1
1e3602b92e0e_study,negative 1 0 0 1 1
1e4038367823_study,negative 1 0 0 1 1
1ea213ae57bd_study,negative 1 0 0 1 1
1ebfe0b61513_study,negative 1 0 0 1 1
1ecac8a297f4_study,negative 1 0 0 1 1
1ee21b7aa650_study,negative 1 0 0 1 1
1ee9fcb22c59_study,negative 1 0 0 1 1
1f19df99fff0_study,negative 1 0 0 1 1
1f816ad2d311_study,negative 1 0 0 1 1
1facfeaad22f_study,negative 1 0 0 1 1
1fc194fcbdb4_study,negative 1 0 0 1 1
201cb653921c_study,negative 1 0 0 1 1
2020aec5ec84_study,negative 1 0 0 1 1
203e5f34c76c_study,negative 1 0 0 1 1
204153b77776_study,negative 1 0 0 1 1
2052c5acf159_study,negative 1 0 0 1 1
2099b41c14a9_study,negative 1 0 0 1 1
20d3b1fee58f_study,negative 1 0 0 1 1
20d832153c0e_study,negative 1 0 0 1 1
20ead06f3576_study,negative 1 0 0 1 1
21119216b217_study,negative 1 0 0 1 1
21367720ba0e_study,negative 1 0 0 1 1
215d5a459a13_study,negative 1 0 0 1 1
2169cfeca358_study,negative 1 0 0 1 1
21c33e128420_study,negative 1 0 0 1 1
21da4a896482_study,negative 1 0 0 1 1
221ee7b67fc0_study,negative 1 0 0 1 1
22c53dd77858_study,negative 1 0 0 1 1
22d153d9e949_study,negative 1 0 0 1 1
2326c314794c_study,negative 1 0 0 1 1
234254cd1e73_study,negative 1 0 0 1 1
23847f6a41a6_study,negative 1 0 0 1 1
240db28d224f_study,negative 1 0 0 1 1
241f7cd77858_study,negative 1 0 0 1 1
24295591e074_study,negative 1 0 0 1 1
243d12d1a64b_study,negative 1 0 0 1 1
243e05e85c45_study,negative 1 0 0 1 1
2478cdc439fa_study,negative 1 0 0 1 1
250c0435c86c_study,negative 1 0 0 1 1
2557cbfb0677_study,negative 1 0 0 1 1
2558bb1ba493_study,negative 1 0 0 1 1
2638265181c6_study,negative 1 0 0 1 1
26c724e30c27_study,negative 1 0 0 1 1
26f0f7350e8a_study,negative 1 0 0 1 1
272c8b46d39d_study,negative 1 0 0 1 1
27387026e831_study,negative 1 0 0 1 1
2767827cedc2_study,negative 1 0 0 1 1
279348dd03ec_study,negative 1 0 0 1 1
2800a1cd98b3_study,negative 1 0 0 1 1
28156ad1b4cc_study,negative 1 0 0 1 1
283a0639fb59_study,negative 1 0 0 1 1
286d4c0fe851_study,negative 1 0 0 1 1
290e8b4dcae6_study,negative 1 0 0 1 1
299e6030efab_study,negative 1 0 0 1 1
29c547a00bbb_study,negative 1 0 0 1 1
2a1a15f7fe7b_study,negative 1 0 0 1 1
2a337009e493_study,negative 1 0 0 1 1
2a72cf9ac79a_study,negative 1 0 0 1 1
2a8a7f025b25_study,negative 1 0 0 1 1
2ad7c6c0c11b_study,negative 1 0 0 1 1
2aedd31c2d4f_study,negative 1 0 0 1 1
2affce8b4145_study,negative 1 0 0 1 1
2b0e4071bd4a_study,negative 1 0 0 1 1
2b27117c51f8_study,negative 1 0 0 1 1
2b48f1114500_study,negative 1 0 0 1 1
2b53afb41e35_study,negative 1 0 0 1 1
2b8321bcf4b9_study,negative 1 0 0 1 1
2b8f261c9123_study,negative 1 0 0 1 1
2b998af7ca8b_study,negative 1 0 0 1 1
2b9ad8c6a010_study,negative 1 0 0 1 1
2be4b695bf05_study,negative 1 0 0 1 1
2c0138f0333f_study,negative 1 0 0 1 1
2c12e56b6ef5_study,negative 1 0 0 1 1
2c309f472123_study,negative 1 0 0 1 1
2c4e544780bd_study,negative 1 0 0 1 1
2c7ef4281f3e_study,negative 1 0 0 1 1
2ca4713ccd6d_study,negative 1 0 0 1 1
2cc5979920c6_study,negative 1 0 0 1 1
2cd7576844db_study,negative 1 0 0 1 1
2cfddd82d536_study,negative 1 0 0 1 1
2d2e8475f384_study,negative 1 0 0 1 1
2d5241612c2e_study,negative 1 0 0 1 1
2d61c98874b9_study,negative 1 0 0 1 1
2d673cbacf8e_study,negative 1 0 0 1 1
2d9814778fe6_study,negative 1 0 0 1 1
2de1b57b78a5_study,negative 1 0 0 1 1
2e3ae25addcc_study,negative 1 0 0 1 1
2e625aa9c04f_study,negative 1 0 0 1 1
2ea214f65500_study,negative 1 0 0 1 1
2eb19ca07152_study,negative 1 0 0 1 1
2ebd6459c760_study,negative 1 0 0 1 1
2ecc8e52fed2_study,negative 1 0 0 1 1
2f26247d5fa4_study,negative 1 0 0 1 1
2f45d8909a99_study,negative 1 0 0 1 1
2f6093195a01_study,negative 1 0 0 1 1
2f8d9f7afedb_study,negative 1 0 0 1 1
2f92655213ca_study,negative 1 0 0 1 1
2f9c9ca1ff98_study,negative 1 0 0 1 1
2fb11712bc93_study,negative 1 0 0 1 1
2fc50bf199cd_study,negative 1 0 0 1 1
2ffd833491b2_study,negative 1 0 0 1 1
302ff5bcbcf7_study,negative 1 0 0 1 1
30398bf8373c_study,negative 1 0 0 1 1
30ba38332bd6_study,negative 1 0 0 1 1
31126c3051c9_study,negative 1 0 0 1 1
313494ee0897_study,negative 1 0 0 1 1
315b599c0470_study,negative 1 0 0 1 1
3197b5b1d2bf_study,negative 1 0 0 1 1
31f14fb6667d_study,negative 1 0 0 1 1
32699739f719_study,negative 1 0 0 1 1
326cdf61e601_study,negative 1 0 0 1 1
32cd00648c62_study,negative 1 0 0 1 1
32d24b5596d7_study,negative 1 0 0 1 1
32d36978749c_study,negative 1 0 0 1 1
334a4202e414_study,negative 1 0 0 1 1
3379f980e291_study,negative 1 0 0 1 1
337f24b92040_study,negative 1 0 0 1 1
33cea11fd803_study,negative 1 0 0 1 1
33cfd515b130_study,negative 1 0 0 1 1
33df7cf3b609_study,negative 1 0 0 1 1
33e1be3d2bae_study,negative 1 0 0 1 1
342624fb2b11_study,negative 1 0 0 1 1
343d755d7ddd_study,negative 1 0 0 1 1
3456c012f2a8_study,negative 1 0 0 1 1
3459b9abab30_study,negative 1 0 0 1 1
34b78006dfce_study,negative 1 0 0 1 1
34cfefd606be_study,negative 1 0 0 1 1
34e297aea58b_study,negative 1 0 0 1 1
34fc8c6bbfae_study,negative 1 0 0 1 1
35036fa47dec_study,negative 1 0 0 1 1
354d14a98d15_study,negative 1 0 0 1 1
35a8a365b5cf_study,negative 1 0 0 1 1
35c3971dfdf2_study,negative 1 0 0 1 1
35c4922b2b72_study,negative 1 0 0 1 1
364b50a7e35a_study,negative 1 0 0 1 1
36623c43469f_study,negative 1 0 0 1 1
3674dc34094e_study,negative 1 0 0 1 1
36fabb793a4b_study,negative 1 0 0 1 1
373876fd24c8_study,negative 1 0 0 1 1
3745c672078c_study,negative 1 0 0 1 1
37b217b51279_study,negative 1 0 0 1 1
37b438e85030_study,negative 1 0 0 1 1
37e448215647_study,negative 1 0 0 1 1
37fc5147ab39_study,negative 1 0 0 1 1
3848b7af690f_study,negative 1 0 0 1 1
38dd9e92f0d0_study,negative 1 0 0 1 1
394e0e1481e9_study,negative 1 0 0 1 1
3997db0588ee_study,negative 1 0 0 1 1
39a02fb99c60_study,negative 1 0 0 1 1
3a02eb0ad5f0_study,negative 1 0 0 1 1
3a04a4cbbe0f_study,negative 1 0 0 1 1
3a1402e40308_study,negative 1 0 0 1 1
3aac75b8f284_study,negative 1 0 0 1 1
3af8cf394eaa_study,negative 1 0 0 1 1
3afd951b907a_study,negative 1 0 0 1 1
3b75f6371910_study,negative 1 0 0 1 1
3bc2eec8d9b6_study,negative 1 0 0 1 1
3bd22742cef2_study,negative 1 0 0 1 1
3bdfb239eeaa_study,negative 1 0 0 1 1
3be961dff18a_study,negative 1 0 0 1 1
3c17fa476f85_study,negative 1 0 0 1 1
3c214bbb0547_study,negative 1 0 0 1 1
3c46f027da8c_study,negative 1 0 0 1 1
3c4848aecb76_study,negative 1 0 0 1 1
3c5cb14e548f_study,negative 1 0 0 1 1
3c5de6b3939b_study,negative 1 0 0 1 1
3c7b3b27ae98_study,negative 1 0 0 1 1
3ca544da198b_study,negative 1 0 0 1 1
3d3ad20f3435_study,negative 1 0 0 1 1
3d9c9daa3178_study,negative 1 0 0 1 1
3da0dc1f68ed_study,negative 1 0 0 1 1
3e300ac96c98_study,negative 1 0 0 1 1
3e5052f6edc9_study,negative 1 0 0 1 1
3e5b5906bc1d_study,negative 1 0 0 1 1
3e5f0fae3649_study,negative 1 0 0 1 1
3e69bb4cfeb4_study,negative 1 0 0 1 1
3f0b1b5976e8_study,negative 1 0 0 1 1
3f3a09fedfba_study,negative 1 0 0 1 1
3f8d8daf5eda_study,negative 1 0 0 1 1
3fa81e73dcfd_study,negative 1 0 0 1 1
3fb4aafae1d0_study,negative 1 0 0 1 1
4019c1fe14bf_study,negative 1 0 0 1 1
4048c25c7ef0_study,negative 1 0 0 1 1
408679472ef6_study,negative 1 0 0 1 1
40af0e78e972_study,negative 1 0 0 1 1
411cfa759a2c_study,negative 1 0 0 1 1
41429b19d479_study,negative 1 0 0 1 1
416fb9b31385_study,negative 1 0 0 1 1
418be6346093_study,negative 1 0 0 1 1
420aecd56033_study,negative 1 0 0 1 1
423ee88658a0_study,negative 1 0 0 1 1
4252e9b23d04_study,negative 1 0 0 1 1
4269acadeebc_study,negative 1 0 0 1 1
42ad262ec9f1_study,negative 1 0 0 1 1
42bab681437d_study,negative 1 0 0 1 1
42d73bc891e1_study,negative 1 0 0 1 1
431ebffa3b24_study,negative 1 0 0 1 1
4349fdb4ea03_study,negative 1 0 0 1 1
436a560afe62_study,negative 1 0 0 1 1
439840f0770f_study,negative 1 0 0 1 1
43d60e93cbf3_study,negative 1 0 0 1 1
44115fd3174b_study,negative 1 0 0 1 1
442bd0085586_study,negative 1 0 0 1 1
444d139efc93_study,negative 1 0 0 1 1
449805191715_study,negative 1 0 0 1 1
4530b0ca0c8f_study,negative 1 0 0 1 1
45a75e62f53e_study,negative 1 0 0 1 1
45e65e76f35b_study,negative 1 0 0 1 1
4645169e41f1_study,negative 1 0 0 1 1
466f38a39d33_study,negative 1 0 0 1 1
4692315d67f9_study,negative 1 0 0 1 1
46f330e7df31_study,negative 1 0 0 1 1
47a9f63bf953_study,negative 1 0 0 1 1
47fcb7fc49b4_study,negative 1 0 0 1 1
482f2d224527_study,negative 1 0 0 1 1
4831aac65647_study,negative 1 0 0 1 1
48607ea71306_study,negative 1 0 0 1 1
4894244507de_study,negative 1 0 0 1 1
48d36324c0fc_study,negative 1 0 0 1 1
4916eadc694d_study,negative 1 0 0 1 1
492159ddba17_study,negative 1 0 0 1 1
49648f2a8c51_study,negative 1 0 0 1 1
4974db1937a3_study,negative 1 0 0 1 1
4996bf5117c7_study,negative 1 0 0 1 1
49b4180be546_study,negative 1 0 0 1 1
4a27dab6f704_study,negative 1 0 0 1 1
4a4334902cd0_study,negative 1 0 0 1 1
4a466be6275b_study,negative 1 0 0 1 1
4acb2c6bae62_study,negative 1 0 0 1 1
4ae05ce074ad_study,negative 1 0 0 1 1
4b4e09317bc8_study,negative 1 0 0 1 1
4c2813caa0fb_study,negative 1 0 0 1 1
4c7af4bdfbb2_study,negative 1 0 0 1 1
4c8a23708cf3_study,negative 1 0 0 1 1
4cb59fb01420_study,negative 1 0 0 1 1
4cbdd2d5ca8f_study,negative 1 0 0 1 1
4cc67741b7be_study,negative 1 0 0 1 1
4d10b356cb2b_study,negative 1 0 0 1 1
4d1347d7d63e_study,negative 1 0 0 1 1
4d5b70ca0c23_study,negative 1 0 0 1 1
4dee79301687_study,negative 1 0 0 1 1
4e4ee0341fab_study,negative 1 0 0 1 1
4ecd8728c643_study,negative 1 0 0 1 1
4ede1ea5de26_study,negative 1 0 0 1 1
4ee42fdc7d39_study,negative 1 0 0 1 1
4f2795c6c431_study,negative 1 0 0 1 1
4f3bd784d1bf_study,negative 1 0 0 1 1
4f693f6cf408_study,negative 1 0 0 1 1
4f9c9296104b_study,negative 1 0 0 1 1
4fa25a4ab48b_study,negative 1 0 0 1 1
4fdb1658707b_study,negative 1 0 0 1 1
500d963baa00_study,negative 1 0 0 1 1
504cf4d936de_study,negative 1 0 0 1 1
50501d03ea2a_study,negative 1 0 0 1 1
505b1f7bbbf4_study,negative 1 0 0 1 1
50a27d21b5c5_study,negative 1 0 0 1 1
51160c75a305_study,negative 1 0 0 1 1
513506120b3e_study,negative 1 0 0 1 1
514c5133572d_study,negative 1 0 0 1 1
51f1367f7d9c_study,negative 1 0 0 1 1
52466d50101e_study,negative 1 0 0 1 1
525e881d45da_study,negative 1 0 0 1 1
52950e68ba64_study,negative 1 0 0 1 1
529b4311adb6_study,negative 1 0 0 1 1
52e603bf575f_study,negative 1 0 0 1 1
531912276b32_study,negative 1 0 0 1 1
531aa20ff7c3_study,negative 1 0 0 1 1
53e7a0aa4022_study,negative 1 0 0 1 1
5461386157ed_study,negative 1 0 0 1 1
5462f84903c3_study,negative 1 0 0 1 1
5473b7261b97_study,negative 1 0 0 1 1
54ab1c9162d3_study,negative 1 0 0 1 1
54cea7959efa_study,negative 1 0 0 1 1
54dc0eb52a0a_study,negative 1 0 0 1 1
5527c97636a9_study,negative 1 0 0 1 1
5566d3f34fbb_study,negative 1 0 0 1 1
556ac9754637_study,negative 1 0 0 1 1
556ed339d8a7_study,negative 1 0 0 1 1
55f2e8f96a24_study,negative 1 0 0 1 1
55ffd8d1a60a_study,negative 1 0 0 1 1
56149fff7475_study,negative 1 0 0 1 1
562bda48ad02_study,negative 1 0 0 1 1
566a2983842a_study,negative 1 0 0 1 1
566ce9e55829_study,negative 1 0 0 1 1
56b339277951_study,negative 1 0 0 1 1
5702713aeac0_study,negative 1 0 0 1 1
57118f0c7115_study,negative 1 0 0 1 1
57195fc6fe41_study,negative 1 0 0 1 1
572fa8640acc_study,negative 1 0 0 1 1
5764dee0ac43_study,negative 1 0 0 1 1
579a4dfc64a2_study,negative 1 0 0 1 1
57b682c96f90_study,negative 1 0 0 1 1
57dad1ccc875_study,negative 1 0 0 1 1
57e2c6e368f2_study,negative 1 0 0 1 1
582f1d954423_study,negative 1 0 0 1 1
588f2c4a8983_study,negative 1 0 0 1 1
58d5f7145d50_study,negative 1 0 0 1 1
593c3f815635_study,negative 1 0 0 1 1
5956ba4a4433_study,negative 1 0 0 1 1
5965818fa0e7_study,negative 1 0 0 1 1
59834dbc2b91_study,negative 1 0 0 1 1
5990b940ec49_study,negative 1 0 0 1 1
5a74a91d9877_study,negative 1 0 0 1 1
5a7b49158f30_study,negative 1 0 0 1 1
5a9b482fce1f_study,negative 1 0 0 1 1
5acd25132041_study,negative 1 0 0 1 1
5ae19539344f_study,negative 1 0 0 1 1
5b42cb9ee77b_study,negative 1 0 0 1 1
5b4a49693706_study,negative 1 0 0 1 1
5be3004f3c87_study,negative 1 0 0 1 1
5bf4446c7cea_study,negative 1 0 0 1 1
5cb07dad2ba7_study,negative 1 0 0 1 1
5cd8e9cd57f4_study,negative 1 0 0 1 1
5cecf76081cc_study,negative 1 0 0 1 1
5d2582cd935e_study,negative 1 0 0 1 1
5d6a3bfece97_study,negative 1 0 0 1 1
5d71a4f40898_study,negative 1 0 0 1 1
5d9ff25b7960_study,negative 1 0 0 1 1
5dc5caf41360_study,negative 1 0 0 1 1
5de32bda4c7a_study,negative 1 0 0 1 1
5defaf7b006e_study,negative 1 0 0 1 1
5e656faf76ea_study,negative 1 0 0 1 1
5e729ae9ae3c_study,negative 1 0 0 1 1
5e99801f484c_study,negative 1 0 0 1 1
5ed4ac4c2302_study,negative 1 0 0 1 1
5f04f4c0fa68_study,negative 1 0 0 1 1
5f0e6a9f6f6d_study,negative 1 0 0 1 1
5f14606437b6_study,negative 1 0 0 1 1
5f46958edec1_study,negative 1 0 0 1 1
5f6bd96b250b_study,negative 1 0 0 1 1
5f8b1e975bdf_study,negative 1 0 0 1 1
5fec26943d57_study,negative 1 0 0 1 1
60a72f493074_study,negative 1 0 0 1 1
611415679b0b_study,negative 1 0 0 1 1
6117058c3931_study,negative 1 0 0 1 1
616f2fcba772_study,negative 1 0 0 1 1
61bc50228c92_study,negative 1 0 0 1 1
61cab278c091_study,negative 1 0 0 1 1
622f5b348f80_study,negative 1 0 0 1 1
62659a70b6d2_study,negative 1 0 0 1 1
6267862574f2_study,negative 1 0 0 1 1
62912425183c_study,negative 1 0 0 1 1
62a423696785_study,negative 1 0 0 1 1
635b0ef5b3b9_study,negative 1 0 0 1 1
635c78729d10_study,negative 1 0 0 1 1
6386d34fe45f_study,negative 1 0 0 1 1
63946400d861_study,negative 1 0 0 1 1
63ba2f6870f1_study,negative 1 0 0 1 1
64047404bb75_study,negative 1 0 0 1 1
64068f878d2b_study,negative 1 0 0 1 1
640e92dc7aa9_study,negative 1 0 0 1 1
644ae1050800_study,negative 1 0 0 1 1
64729a1c868e_study,negative 1 0 0 1 1
6475a5f7bd09_study,negative 1 0 0 1 1
6484393291ea_study,negative 1 0 0 1 1
6515b912dc6b_study,negative 1 0 0 1 1
655eaa76e116_study,negative 1 0 0 1 1
66300f02d92a_study,negative 1 0 0 1 1
665aa3146373_study,negative 1 0 0 1 1
6677129718eb_study,negative 1 0 0 1 1
667eb7504965_study,negative 1 0 0 1 1
66844043bb82_study,negative 1 0 0 1 1
66d364215c35_study,negative 1 0 0 1 1
677ad87244f5_study,negative 1 0 0 1 1
67b808cc8cfc_study,negative 1 0 0 1 1
67c5a09a1950_study,negative 1 0 0 1 1
68d002822185_study,negative 1 0 0 1 1
68d273e07961_study,negative 1 0 0 1 1
690a42c7eded_study,negative 1 0 0 1 1
694432509c27_study,negative 1 0 0 1 1
6951842a2430_study,negative 1 0 0 1 1
6958d88e7d72_study,negative 1 0 0 1 1
6958fb143029_study,negative 1 0 0 1 1
69fc686a4321_study,negative 1 0 0 1 1
6a7ebacd5830_study,negative 1 0 0 1 1
6ab8658d127c_study,negative 1 0 0 1 1
6b28f1d59cb3_study,negative 1 0 0 1 1
6b8a59647e54_study,negative 1 0 0 1 1
6b9a744fb067_study,negative 1 0 0 1 1
6ba2dee3517c_study,negative 1 0 0 1 1
6bbe6a05947d_study,negative 1 0 0 1 1
6bd8ee85ab15_study,negative 1 0 0 1 1
6c4b79292e1b_study,negative 1 0 0 1 1
6d9aa96e6350_study,negative 1 0 0 1 1
6da6b1e0a269_study,negative 1 0 0 1 1
6dc6d5660243_study,negative 1 0 0 1 1
6ddd518ee32b_study,negative 1 0 0 1 1
6deb9fe72007_study,negative 1 0 0 1 1
6decab09779c_study,negative 1 0 0 1 1
6e652d81f5bf_study,negative 1 0 0 1 1
6eab8786fa4a_study,negative 1 0 0 1 1
6ebb505c89f9_study,negative 1 0 0 1 1
6ed0d449ff97_study,negative 1 0 0 1 1
6ef0c3dad8c6_study,negative 1 0 0 1 1
6f5f6f99fb89_study,negative 1 0 0 1 1
6f6e6f503df9_study,negative 1 0 0 1 1
6fa6c83e0221_study,negative 1 0 0 1 1
6ffe46db6f5c_study,negative 1 0 0 1 1
703903704231_study,negative 1 0 0 1 1
705257ddc51b_study,negative 1 0 0 1 1
70a586a7a276_study,negative 1 0 0 1 1
70f5376d8dd1_study,negative 1 0 0 1 1
70f8ea19b10b_study,negative 1 0 0 1 1
711eadb00212_study,negative 1 0 0 1 1
716c5738a858_study,negative 1 0 0 1 1
719ffac176ee_study,negative 1 0 0 1 1
71beaaa0422e_study,negative 1 0 0 1 1
71dbb924fb5c_study,negative 1 0 0 1 1
7208d457bcc9_study,negative 1 0 0 1 1
723c9ea28d31_study,negative 1 0 0 1 1
728187b3e018_study,negative 1 0 0 1 1
72a889b778b2_study,negative 1 0 0 1 1
72e571a4dbcf_study,negative 1 0 0 1 1
73094e54f847_study,negative 1 0 0 1 1
7325a59e75b3_study,negative 1 0 0 1 1
735c7f97b72f_study,negative 1 0 0 1 1
737adbb5ee4d_study,negative 1 0 0 1 1
73e36d50744d_study,negative 1 0 0 1 1
74030b79b6ff_study,negative 1 0 0 1 1
74448343f85a_study,negative 1 0 0 1 1
749e75b3c993_study,negative 1 0 0 1 1
74a3c66551b6_study,negative 1 0 0 1 1
7516cd3f2680_study,negative 1 0 0 1 1
7518068f3699_study,negative 1 0 0 1 1
755a8831463d_study,negative 1 0 0 1 1
7568cb61374c_study,negative 1 0 0 1 1
7591c93cf38c_study,negative 1 0 0 1 1
75e3c04fed9f_study,negative 1 0 0 1 1
760466ddce29_study,negative 1 0 0 1 1
766c04246e24_study,negative 1 0 0 1 1
771e394e7e37_study,negative 1 0 0 1 1
778ca3c0e198_study,negative 1 0 0 1 1
77bea1a5baf9_study,negative 1 0 0 1 1
780517944267_study,negative 1 0 0 1 1
781c93fa2104_study,negative 1 0 0 1 1
78685ad6af53_study,negative 1 0 0 1 1
78e8b6f84907_study,negative 1 0 0 1 1
78ff750810bf_study,negative 1 0 0 1 1
790e1425ea5e_study,negative 1 0 0 1 1
793fc16d2eaa_study,negative 1 0 0 1 1
795051254905_study,negative 1 0 0 1 1
7981605927db_study,negative 1 0 0 1 1
798e11b2c8c2_study,negative 1 0 0 1 1
79ed25911104_study,negative 1 0 0 1 1
7a08c2cdd552_study,negative 1 0 0 1 1
7a2bbfb17503_study,negative 1 0 0 1 1
7a2e48a54953_study,negative 1 0 0 1 1
7a5665185f3c_study,negative 1 0 0 1 1
7a7cd9fa7f09_study,negative 1 0 0 1 1
7a7e66fc9b3c_study,negative 1 0 0 1 1
7ac22c3830e8_study,negative 1 0 0 1 1
7b2693269d7b_study,negative 1 0 0 1 1
7b5c31f2af6f_study,negative 1 0 0 1 1
7b99371b9ec4_study,negative 1 0 0 1 1
7bb87ec91b7d_study,negative 1 0 0 1 1
7c47d71d9141_study,negative 1 0 0 1 1
7c8ea185b141_study,negative 1 0 0 1 1
7cbd9aaac8ba_study,negative 1 0 0 1 1
7ce8a0052810_study,negative 1 0 0 1 1
7d2470b0005e_study,negative 1 0 0 1 1
7d5c6509f13b_study,negative 1 0 0 1 1
7d706788a91c_study,negative 1 0 0 1 1
7da6e56c18b7_study,negative 1 0 0 1 1
7dc1850a0f94_study,negative 1 0 0 1 1
7e1d636a24f0_study,negative 1 0 0 1 1
7e6845a52319_study,negative 1 0 0 1 1
7e8981a09016_study,negative 1 0 0 1 1
7ea66c84821e_study,negative 1 0 0 1 1
7ea6876bfa96_study,negative 1 0 0 1 1
7f188984feef_study,negative 1 0 0 1 1
7f3115e66c1e_study,negative 1 0 0 1 1
7f6449e6861c_study,negative 1 0 0 1 1
7ff9928af7f6_study,negative 1 0 0 1 1
8011f96848a6_study,negative 1 0 0 1 1
803976b68795_study,negative 1 0 0 1 1
8066c8d7cba7_study,negative 1 0 0 1 1
806a948c30bf_study,negative 1 0 0 1 1
809e196af923_study,negative 1 0 0 1 1
80a77c5dd48a_study,negative 1 0 0 1 1
80e1c35abd04_study,negative 1 0 0 1 1
8128f5692b12_study,negative 1 0 0 1 1
8137f72e23d2_study,negative 1 0 0 1 1
817c43aedcce_study,negative 1 0 0 1 1
81a119607e57_study,negative 1 0 0 1 1
81c860c6efe8_study,negative 1 0 0 1 1
81e6c9f2675c_study,negative 1 0 0 1 1
820df4b6ce93_study,negative 1 0 0 1 1
820f82abb614_study,negative 1 0 0 1 1
82441f0b61c4_study,negative 1 0 0 1 1
82453d7d1b90_study,negative 1 0 0 1 1
82686606c173_study,negative 1 0 0 1 1
827ce7be2a4e_study,negative 1 0 0 1 1
82a4d7f6ea1e_study,negative 1 0 0 1 1
82ec59c197d0_study,negative 1 0 0 1 1
8309732e6809_study,negative 1 0 0 1 1
830abea627fc_study,negative 1 0 0 1 1
83195705dd21_study,negative 1 0 0 1 1
8322b4b12bf2_study,negative 1 0 0 1 1
8334d5ebdfd0_study,negative 1 0 0 1 1
8353ed908a04_study,negative 1 0 0 1 1
835ff4bc9c2b_study,negative 1 0 0 1 1
83958be8c4b8_study,negative 1 0 0 1 1
839c08f4b18a_study,negative 1 0 0 1 1
83e34d429bd2_study,negative 1 0 0 1 1
83e89d87256b_study,negative 1 0 0 1 1
8452e137c3fb_study,negative 1 0 0 1 1
847b7a65658a_study,negative 1 0 0 1 1
84ade5a82135_study,negative 1 0 0 1 1
84f431dbdbd6_study,negative 1 0 0 1 1
852912afea0c_study,negative 1 0 0 1 1
855945ea39f1_study,negative 1 0 0 1 1
858b3a423bb3_study,negative 1 0 0 1 1
85d692693bc1_study,negative 1 0 0 1 1
85e02d7fac77_study,negative 1 0 0 1 1
8613aa92c09d_study,negative 1 0 0 1 1
865fedc5484d_study,negative 1 0 0 1 1
86619ada1b6d_study,negative 1 0 0 1 1
869b630384e5_study,negative 1 0 0 1 1
8723a0e3b9e8_study,negative 1 0 0 1 1
879a9c1601d7_study,negative 1 0 0 1 1
87d6e4b3d6af_study,negative 1 0 0 1 1
8822f2e6799c_study,negative 1 0 0 1 1
8997cc349054_study,negative 1 0 0 1 1
899e2e409330_study,negative 1 0 0 1 1
89d2d0f18347_study,negative 1 0 0 1 1
89ef92d3e02a_study,negative 1 0 0 1 1
8a2e5381a43c_study,negative 1 0 0 1 1
8a3b0b977e3d_study,negative 1 0 0 1 1
8a6902767de9_study,negative 1 0 0 1 1
8a6bce8f43ad_study,negative 1 0 0 1 1
8a73dc1a0bfd_study,negative 1 0 0 1 1
8a7c4530180a_study,negative 1 0 0 1 1
8a8bc32ca39d_study,negative 1 0 0 1 1
8ab03e394f4d_study,negative 1 0 0 1 1
8ad5ead9c761_study,negative 1 0 0 1 1
8b273337a684_study,negative 1 0 0 1 1
8b61bfc4c50f_study,negative 1 0 0 1 1
8b6e18ee2c40_study,negative 1 0 0 1 1
8c1fd7170061_study,negative 1 0 0 1 1
8c208e83154a_study,negative 1 0 0 1 1
8c294e104651_study,negative 1 0 0 1 1
8c6967991800_study,negative 1 0 0 1 1
8ca5a21b8bd5_study,negative 1 0 0 1 1
8ce2b4d54836_study,negative 1 0 0 1 1
8d1c64890229_study,negative 1 0 0 1 1
8d5e8712712d_study,negative 1 0 0 1 1
8db23065b351_study,negative 1 0 0 1 1
8deff6e2632d_study,negative 1 0 0 1 1
8e07907d854d_study,negative 1 0 0 1 1
8e1c060be66a_study,negative 1 0 0 1 1
8e22a69566b2_study,negative 1 0 0 1 1
8e639388fbce_study,negative 1 0 0 1 1
8e6bc9d87d7b_study,negative 1 0 0 1 1
8e90cf0a2220_study,negative 1 0 0 1 1
8e99c311c641_study,negative 1 0 0 1 1
8ead56410abf_study,negative 1 0 0 1 1
8ec580935d86_study,negative 1 0 0 1 1
8f15be256d40_study,negative 1 0 0 1 1
8f19b8e12bb6_study,negative 1 0 0 1 1
8f6df9fe9bae_study,negative 1 0 0 1 1
8f6e72825177_study,negative 1 0 0 1 1
8f8b690689ff_study,negative 1 0 0 1 1
8fa44f4e8eeb_study,negative 1 0 0 1 1
9004140ff428_study,negative 1 0 0 1 1
905fdf23cba2_study,negative 1 0 0 1 1
90ba8bbb45c4_study,negative 1 0 0 1 1
91091b14ff14_study,negative 1 0 0 1 1
9118eeb0ff4e_study,negative 1 0 0 1 1
913836f6e106_study,negative 1 0 0 1 1
91fd1001ca08_study,negative 1 0 0 1 1
9260839a059d_study,negative 1 0 0 1 1
92a0bb576754_study,negative 1 0 0 1 1
92d320a0719d_study,negative 1 0 0 1 1
92e806962d05_study,negative 1 0 0 1 1
93a2b6809c3b_study,negative 1 0 0 1 1
93b334bb7f73_study,negative 1 0 0 1 1
94571b6e07ff_study,negative 1 0 0 1 1
945c4c4bf174_study,negative 1 0 0 1 1
94637b260217_study,negative 1 0 0 1 1
94ab5762a56c_study,negative 1 0 0 1 1
94b9dfb7e357_study,negative 1 0 0 1 1
94fd8d61a3a2_study,negative 1 0 0 1 1
952b24144e0c_study,negative 1 0 0 1 1
956a8d5f7ab4_study,negative 1 0 0 1 1
95d14f2a3b9c_study,negative 1 0 0 1 1
95d39cd555f7_study,negative 1 0 0 1 1
95fc78daff79_study,negative 1 0 0 1 1
960176160f7f_study,negative 1 0 0 1 1
96401434c121_study,negative 1 0 0 1 1
9672b3805db6_study,negative 1 0 0 1 1
968d50203714_study,negative 1 0 0 1 1
96afb6a80094_study,negative 1 0 0 1 1
96b3ffe98dd0_study,negative 1 0 0 1 1
97c5d6eb413d_study,negative 1 0 0 1 1
9805f2073fe2_study,negative 1 0 0 1 1
983688dfdc6b_study,negative 1 0 0 1 1
9852d2660b69_study,negative 1 0 0 1 1
98603aec7e42_study,negative 1 0 0 1 1
98962ec0ac81_study,negative 1 0 0 1 1
99207112bd34_study,negative 1 0 0 1 1
994aa93b88d6_study,negative 1 0 0 1 1
9999ee344469_study,negative 1 0 0 1 1
99abcf5c94b9_study,negative 1 0 0 1 1
99b182a739fe_study,negative 1 0 0 1 1
99f4549a0ce7_study,negative 1 0 0 1 1
9a1a4fe68496_study,negative 1 0 0 1 1
9a2421d1e810_study,negative 1 0 0 1 1
9aae1d401336_study,negative 1 0 0 1 1
9b02e142b13f_study,negative 1 0 0 1 1
9b284d2b8e81_study,negative 1 0 0 1 1
9b2f1505d1ba_study,negative 1 0 0 1 1
9b74446eee7b_study,negative 1 0 0 1 1
9b8eca950609_study,negative 1 0 0 1 1
9bcfa30619cb_study,negative 1 0 0 1 1
9beb97e23a51_study,negative 1 0 0 1 1
9bfb252388d3_study,negative 1 0 0 1 1
9c15ad2a3f00_study,negative 1 0 0 1 1
9c7c9aa6b32e_study,negative 1 0 0 1 1
9cd49495a7ca_study,negative 1 0 0 1 1
9d88b7a41476_study,negative 1 0 0 1 1
9d9a9218f7df_study,negative 1 0 0 1 1
9e36f980af83_study,negative 1 0 0 1 1
9e4fbb2efbf9_study,negative 1 0 0 1 1
9e7cbbecfcda_study,negative 1 0 0 1 1
9eb632c3beb5_study,negative 1 0 0 1 1
9ec66102e783_study,negative 1 0 0 1 1
9fab41ffbc39_study,negative 1 0 0 1 1
9fd32ab29bfa_study,negative 1 0 0 1 1
a03006dd606d_study,negative 1 0 0 1 1
a09216d3b1fb_study,negative 1 0 0 1 1
a0b1e8cfd597_study,negative 1 0 0 1 1
a0b88a7bbda9_study,negative 1 0 0 1 1
a134c7f3e533_study,negative 1 0 0 1 1
a150ce575fd8_study,negative 1 0 0 1 1
a15e73c6df9f_study,negative 1 0 0 1 1
a167e3cfc945_study,negative 1 0 0 1 1
a1aa5f84e8df_study,negative 1 0 0 1 1
a1c32654a524_study,negative 1 0 0 1 1
a1d7141d8672_study,negative 1 0 0 1 1
a2335d0b5319_study,negative 1 0 0 1 1
a24ebf2b7a7b_study,negative 1 0 0 1 1
a28c3ca0b20d_study,negative 1 0 0 1 1
a30f9f093480_study,negative 1 0 0 1 1
a3277b063327_study,negative 1 0 0 1 1
a32b55f395fb_study,negative 1 0 0 1 1
a3489d5c2d26_study,negative 1 0 0 1 1
a375466fac0b_study,negative 1 0 0 1 1
a383dd18ad9b_study,negative 1 0 0 1 1
a39a5337c940_study,negative 1 0 0 1 1
a4798ae26b6e_study,negative 1 0 0 1 1
a49fa9f919e0_study,negative 1 0 0 1 1
a4d6e1d14076_study,negative 1 0 0 1 1
a4dec0e99eb8_study,negative 1 0 0 1 1
a4f8482aa131_study,negative 1 0 0 1 1
a5979058f5f9_study,negative 1 0 0 1 1
a5f2750581c1_study,negative 1 0 0 1 1
a5f572f88efc_study,negative 1 0 0 1 1
a60551308849_study,negative 1 0 0 1 1
a655f779bc10_study,negative 1 0 0 1 1
a6999828675a_study,negative 1 0 0 1 1
a6b745712821_study,negative 1 0 0 1 1
a6cd526c279a_study,negative 1 0 0 1 1
a707e083e349_study,negative 1 0 0 1 1
a73262c7ff37_study,negative 1 0 0 1 1
a73f225845e3_study,negative 1 0 0 1 1
a7526a74ab03_study,negative 1 0 0 1 1
a7fdeed27109_study,negative 1 0 0 1 1
a80006bd7d8f_study,negative 1 0 0 1 1
a80b17b9947b_study,negative 1 0 0 1 1
a82c2df28cbc_study,negative 1 0 0 1 1
a853ec3e7735_study,negative 1 0 0 1 1
a882dd5cb2de_study,negative 1 0 0 1 1
a8c159935334_study,negative 1 0 0 1 1
a8fe3043e449_study,negative 1 0 0 1 1
a91ca6e3bc53_study,negative 1 0 0 1 1
a9a0208dcbe3_study,negative 1 0 0 1 1
a9b90530258c_study,negative 1 0 0 1 1
a9c37909c52a_study,negative 1 0 0 1 1
a9d35b0f34af_study,negative 1 0 0 1 1
aa1013c021d7_study,negative 1 0 0 1 1
aa1570677120_study,negative 1 0 0 1 1
aac24f8be440_study,negative 1 0 0 1 1
aafc8126d5a1_study,negative 1 0 0 1 1
ab405aab1bf4_study,negative 1 0 0 1 1
ab44c2e2e8ab_study,negative 1 0 0 1 1
ab812073c00d_study,negative 1 0 0 1 1
abbd693aab76_study,negative 1 0 0 1 1
abf963944680_study,negative 1 0 0 1 1
ac0854e5cbf6_study,negative 1 0 0 1 1
ac5ce91c09e1_study,negative 1 0 0 1 1
ac96e9b9034d_study,negative 1 0 0 1 1
acc0ac018b57_study,negative 1 0 0 1 1
acc1e6bcca9a_study,negative 1 0 0 1 1
acc21b1fad3a_study,negative 1 0 0 1 1
accb45de0444_study,negative 1 0 0 1 1
ad0172d99745_study,negative 1 0 0 1 1
ad4d579a3eab_study,negative 1 0 0 1 1
ad61aee2f837_study,negative 1 0 0 1 1
ad6731c3a452_study,negative 1 0 0 1 1
ade239c090a7_study,negative 1 0 0 1 1
ae0ba9f54467_study,negative 1 0 0 1 1
ae2753d01a5d_study,negative 1 0 0 1 1
ae40389b1d61_study,negative 1 0 0 1 1
ae8fadd32d3e_study,negative 1 0 0 1 1
aeb371eab69a_study,negative 1 0 0 1 1
aeb50bd2a339_study,negative 1 0 0 1 1
af09deb4a6f7_study,negative 1 0 0 1 1
af12c30f7051_study,negative 1 0 0 1 1
af3baa41780a_study,negative 1 0 0 1 1
af619aba9623_study,negative 1 0 0 1 1
af8cc211df75_study,negative 1 0 0 1 1
b05b84f90ccf_study,negative 1 0 0 1 1
b07759d0c81c_study,negative 1 0 0 1 1
b0881924653b_study,negative 1 0 0 1 1
b0e3eb0ced34_study,negative 1 0 0 1 1
b11776be9437_study,negative 1 0 0 1 1
b12171726b36_study,negative 1 0 0 1 1
b12d2e5c39b7_study,negative 1 0 0 1 1
b16a2caa5a14_study,negative 1 0 0 1 1
b1b1ac90f30e_study,negative 1 0 0 1 1
b273193222c5_study,negative 1 0 0 1 1
b288b9700df7_study,negative 1 0 0 1 1
b2ae9049c886_study,negative 1 0 0 1 1
b2b95741c954_study,negative 1 0 0 1 1
b2ef21c21a69_study,negative 1 0 0 1 1
b378e3902756_study,negative 1 0 0 1 1
b382d866a3f4_study,negative 1 0 0 1 1
b4091ecc7f5d_study,negative 1 0 0 1 1
b43b067ad5fc_study,negative 1 0 0 1 1
b4436e4a91bc_study,negative 1 0 0 1 1
b4552ba03116_study,negative 1 0 0 1 1
b45b2ff7b925_study,negative 1 0 0 1 1
b4ed20f4c603_study,negative 1 0 0 1 1
b5052bc9081c_study,negative 1 0 0 1 1
b53b95b262c5_study,negative 1 0 0 1 1
b53ff1b3e45d_study,negative 1 0 0 1 1
b5649ea5d97e_study,negative 1 0 0 1 1
b59b6ffdecdc_study,negative 1 0 0 1 1
b5d64243c33e_study,negative 1 0 0 1 1
b5dc37ecfd1a_study,negative 1 0 0 1 1
b60089258936_study,negative 1 0 0 1 1
b61a3dba7e14_study,negative 1 0 0 1 1
b641f8bc6e83_study,negative 1 0 0 1 1
b647d5c8422e_study,negative 1 0 0 1 1
b64b5a8cec28_study,negative 1 0 0 1 1
b66d6c34498e_study,negative 1 0 0 1 1
b6deca486769_study,negative 1 0 0 1 1
b6ef87588b85_study,negative 1 0 0 1 1
b70e9d1f6548_study,negative 1 0 0 1 1
b7d09941c6c7_study,negative 1 0 0 1 1
b7e73e54a566_study,negative 1 0 0 1 1
b818f246a8ab_study,negative 1 0 0 1 1
b83eaac8a377_study,negative 1 0 0 1 1
b8a3899a2ddb_study,negative 1 0 0 1 1
b8abb3588261_study,negative 1 0 0 1 1
b8b849c98dfa_study,negative 1 0 0 1 1
b93bfa119338_study,negative 1 0 0 1 1
b93db355ba6a_study,negative 1 0 0 1 1
b948441f0c12_study,negative 1 0 0 1 1
b994bed5dd12_study,negative 1 0 0 1 1
b99e07512d7a_study,negative 1 0 0 1 1
b9aaac6a5ee8_study,negative 1 0 0 1 1
b9e6a216ca98_study,negative 1 0 0 1 1
b9e8350b5fb2_study,negative 1 0 0 1 1
b9e87bbcdf15_study,negative 1 0 0 1 1
b9fdedd4051e_study,negative 1 0 0 1 1
ba21fc21ec33_study,negative 1 0 0 1 1
ba2c87bf8de9_study,negative 1 0 0 1 1
ba477e03efc4_study,negative 1 0 0 1 1
ba54b6a4d83d_study,negative 1 0 0 1 1
ba66195d3d10_study,negative 1 0 0 1 1
bac4b1b19508_study,negative 1 0 0 1 1
baff0a97d334_study,negative 1 0 0 1 1
bb33957a9bd5_study,negative 1 0 0 1 1
bbbcb26b74be_study,negative 1 0 0 1 1
bc22d07c4f95_study,negative 1 0 0 1 1
bc2e72409e5f_study,negative 1 0 0 1 1
bc73883551cf_study,negative 1 0 0 1 1
bc76c0035143_study,negative 1 0 0 1 1
bc7a40fef51c_study,negative 1 0 0 1 1
bc8a085104af_study,negative 1 0 0 1 1
bc95acc5c308_study,negative 1 0 0 1 1
bc965b8e19f8_study,negative 1 0 0 1 1
bd2f3ba76d62_study,negative 1 0 0 1 1
bd70b1ab4fe0_study,negative 1 0 0 1 1
bd84b0b9598e_study,negative 1 0 0 1 1
be3bdfa28903_study,negative 1 0 0 1 1
be56a042b9b1_study,negative 1 0 0 1 1
be6f27a4528b_study,negative 1 0 0 1 1
be926eae5b48_study,negative 1 0 0 1 1
bea266e15217_study,negative 1 0 0 1 1
bea575481ef3_study,negative 1 0 0 1 1
becdc25d08c4_study,negative 1 0 0 1 1
becf878baece_study,negative 1 0 0 1 1
bf2de109e4be_study,negative 1 0 0 1 1
bf41375c6d47_study,negative 1 0 0 1 1
bfe0b7efdb2a_study,negative 1 0 0 1 1
c01a83bc7f7d_study,negative 1 0 0 1 1
c0924d22f592_study,negative 1 0 0 1 1
c09fa807d4d0_study,negative 1 0 0 1 1
c1161e21e98f_study,negative 1 0 0 1 1
c1d3c478d4c9_study,negative 1 0 0 1 1
c2472b630e54_study,negative 1 0 0 1 1
c268ee0b80e6_study,negative 1 0 0 1 1
c2f7a0a9e328_study,negative 1 0 0 1 1
c34508d810cb_study,negative 1 0 0 1 1
c38f6e4a8b57_study,negative 1 0 0 1 1
c39536795ca2_study,negative 1 0 0 1 1
c3cbb6e1ff0b_study,negative 1 0 0 1 1
c3d5485c6637_study,negative 1 0 0 1 1
c4359b917227_study,negative 1 0 0 1 1
c456c89aeeca_study,negative 1 0 0 1 1
c56b60a6c549_study,negative 1 0 0 1 1
c5ea13200bd6_study,negative 1 0 0 1 1
c66cd65fd2ec_study,negative 1 0 0 1 1
c6ce9fc03d44_study,negative 1 0 0 1 1
c714e99b4e36_study,negative 1 0 0 1 1
c725cff962b5_study,negative 1 0 0 1 1
c7270e362816_study,negative 1 0 0 1 1
c731d74015f8_study,negative 1 0 0 1 1
c7389760417a_study,negative 1 0 0 1 1
c7787a3cfb14_study,negative 1 0 0 1 1
c783118f9673_study,negative 1 0 0 1 1
c798ba1c69e1_study,negative 1 0 0 1 1
c7c4926465d5_study,negative 1 0 0 1 1
c803c01dfa08_study,negative 1 0 0 1 1
c82731b476d7_study,negative 1 0 0 1 1
c849770966c1_study,negative 1 0 0 1 1
c85581436d7c_study,negative 1 0 0 1 1
c87c82925501_study,negative 1 0 0 1 1
c8b7a0ae731e_study,negative 1 0 0 1 1
c8bd35fb64e1_study,negative 1 0 0 1 1
c9163fa32483_study,negative 1 0 0 1 1
c987fd114725_study,negative 1 0 0 1 1
ca20e0f1b5c9_study,negative 1 0 0 1 1
ca221d324958_study,negative 1 0 0 1 1
ca87ac7f7497_study,negative 1 0 0 1 1
caeeede7f74d_study,negative 1 0 0 1 1
cafa1dca9af7_study,negative 1 0 0 1 1
cbc5e2a2efac_study,negative 1 0 0 1 1
cc874d5c6431_study,negative 1 0 0 1 1
ccbd6814114b_study,negative 1 0 0 1 1
ccc80d9fd30f_study,negative 1 0 0 1 1
cd0664cef5a7_study,negative 1 0 0 1 1
cd1f0a0bd109_study,negative 1 0 0 1 1
cd98127bb203_study,negative 1 0 0 1 1
cddf3a089653_study,negative 1 0 0 1 1
ce1f49e49440_study,negative 1 0 0 1 1
ce2d48a26e5e_study,negative 1 0 0 1 1
ce3e55217552_study,negative 1 0 0 1 1
ced8fdaa9dba_study,negative 1 0 0 1 1
ceed10e91962_study,negative 1 0 0 1 1
cf57b6b204f8_study,negative 1 0 0 1 1
cf5f6f4b8cf5_study,negative 1 0 0 1 1
cfad493ac469_study,negative 1 0 0 1 1
d0059448cf97_study,negative 1 0 0 1 1
d025a0d95412_study,negative 1 0 0 1 1
d0914f314664_study,negative 1 0 0 1 1
d0934bcb74f1_study,negative 1 0 0 1 1
d0a22a0954f7_study,negative 1 0 0 1 1
d0b6342fc4c0_study,negative 1 0 0 1 1
d11b750bff94_study,negative 1 0 0 1 1
d11db59069df_study,negative 1 0 0 1 1
d128283294c9_study,negative 1 0 0 1 1
d16959ef2164_study,negative 1 0 0 1 1
d1a15a468593_study,negative 1 0 0 1 1
d1cbcb51e5ae_study,negative 1 0 0 1 1
d2f1eb1b0bc5_study,negative 1 0 0 1 1
d33c77a3df19_study,negative 1 0 0 1 1
d3818fbf4c36_study,negative 1 0 0 1 1
d3b7d7dc583b_study,negative 1 0 0 1 1
d3b82893b94e_study,negative 1 0 0 1 1
d3be4764ade5_study,negative 1 0 0 1 1
d3c53c4222e2_study,negative 1 0 0 1 1
d414d9603210_study,negative 1 0 0 1 1
d427c22b488d_study,negative 1 0 0 1 1
d460dc993ca7_study,negative 1 0 0 1 1
d477d68f839f_study,negative 1 0 0 1 1
d478ec4faf9d_study,negative 1 0 0 1 1
d47b71c4fcea_study,negative 1 0 0 1 1
d48708c36bd5_study,negative 1 0 0 1 1
d4c399afd466_study,negative 1 0 0 1 1
d50e06374ee8_study,negative 1 0 0 1 1
d50e37efdecd_study,negative 1 0 0 1 1
d542fb6a6c0a_study,negative 1 0 0 1 1
d566c844260f_study,negative 1 0 0 1 1
d6104076541a_study,negative 1 0 0 1 1
d6195f41dfbc_study,negative 1 0 0 1 1
d63229f78c7e_study,negative 1 0 0 1 1
d675f6d53f58_study,negative 1 0 0 1 1
d692c60e21ef_study,negative 1 0 0 1 1
d6ca5d0cc911_study,negative 1 0 0 1 1
d7f4e3e0681d_study,negative 1 0 0 1 1
d81ff6b98fea_study,negative 1 0 0 1 1
d84b500fb378_study,negative 1 0 0 1 1
d859c2fa0d50_study,negative 1 0 0 1 1
d85e078e410a_study,negative 1 0 0 1 1
d89e30d51e89_study,negative 1 0 0 1 1
d8cf28d0aa53_study,negative 1 0 0 1 1
d945e8dd9670_study,negative 1 0 0 1 1
d99a3d8578f8_study,negative 1 0 0 1 1
d9fd3c3feb5e_study,negative 1 0 0 1 1
da2f118facc6_study,negative 1 0 0 1 1
da352dfd1456_study,negative 1 0 0 1 1
da56f1cee61b_study,negative 1 0 0 1 1
da88fa8e989e_study,negative 1 0 0 1 1
dabd4c35f18f_study,negative 1 0 0 1 1
dad1fab5736c_study,negative 1 0 0 1 1
db4af70e370f_study,negative 1 0 0 1 1
db6241a6c470_study,negative 1 0 0 1 1
db629c44b07f_study,negative 1 0 0 1 1
dbc236093102_study,negative 1 0 0 1 1
dc0c112cd5c3_study,negative 1 0 0 1 1
dc307d4d5204_study,negative 1 0 0 1 1
dc953a56204f_study,negative 1 0 0 1 1
dccdfc539a8e_study,negative 1 0 0 1 1
dcf6503029e2_study,negative 1 0 0 1 1
dd097443ed15_study,negative 1 0 0 1 1
dd33c10f402b_study,negative 1 0 0 1 1
dd4b97e0a4ed_study,negative 1 0 0 1 1
dd6d8fdb8da0_study,negative 1 0 0 1 1
dde3f480600a_study,negative 1 0 0 1 1
ddf53d706c8e_study,negative 1 0 0 1 1
de4d8d3b1944_study,negative 1 0 0 1 1
dea84a337a80_study,negative 1 0 0 1 1
decfe4c0afa6_study,negative 1 0 0 1 1
def217a20092_study,negative 1 0 0 1 1
df4910ccf64b_study,negative 1 0 0 1 1
df9a0954caef_study,negative 1 0 0 1 1
dfa767f1395d_study,negative 1 0 0 1 1
e058e2a40a5f_study,negative 1 0 0 1 1
e0a30517364f_study,negative 1 0 0 1 1
e0b57c12175d_study,negative 1 0 0 1 1
e12356c87019_study,negative 1 0 0 1 1
e125f3618cb4_study,negative 1 0 0 1 1
e13c1f49c1fc_study,negative 1 0 0 1 1
e15b18e5370f_study,negative 1 0 0 1 1
e1e07acfa4f8_study,negative 1 0 0 1 1
e1fd75be3587_study,negative 1 0 0 1 1
e311763786b9_study,negative 1 0 0 1 1
e3129503fbc1_study,negative 1 0 0 1 1
e326c6e0c67d_study,negative 1 0 0 1 1
e3b205144584_study,negative 1 0 0 1 1
e3c0daf79960_study,negative 1 0 0 1 1
e42e21814d68_study,negative 1 0 0 1 1
e43ccd956545_study,negative 1 0 0 1 1
e43d15f662f9_study,negative 1 0 0 1 1
e457c0603507_study,negative 1 0 0 1 1
e45ae11bca4e_study,negative 1 0 0 1 1
e53d2d6ab600_study,negative 1 0 0 1 1
e5726ad872ec_study,negative 1 0 0 1 1
e5757dbb5303_study,negative 1 0 0 1 1
e5eb6f1abf7f_study,negative 1 0 0 1 1
e612de80f0f9_study,negative 1 0 0 1 1
e61fe43cdbd8_study,negative 1 0 0 1 1
e655a9293c63_study,negative 1 0 0 1 1
e66a31f2dce3_study,negative 1 0 0 1 1
e6b59e765c23_study,negative 1 0 0 1 1
e6e02ec8aff5_study,negative 1 0 0 1 1
e6ed3bdd8a48_study,negative 1 0 0 1 1
e7070a04cc4c_study,negative 1 0 0 1 1
e799f53d8348_study,negative 1 0 0 1 1
e7c1a6d76d48_study,negative 1 0 0 1 1
e89c29993812_study,negative 1 0 0 1 1
e8bdafa1240a_study,negative 1 0 0 1 1
e8d137c213a0_study,negative 1 0 0 1 1
e9e993a2786a_study,negative 1 0 0 1 1
ea2a62fbd279_study,negative 1 0 0 1 1
ea33449554a5_study,negative 1 0 0 1 1
ea8ed0380261_study,negative 1 0 0 1 1
eaa6cf8327b0_study,negative 1 0 0 1 1
eb70ae36e030_study,negative 1 0 0 1 1
ec584e5c219e_study,negative 1 0 0 1 1
ed257e125f16_study,negative 1 0 0 1 1
ed55cb404718_study,negative 1 0 0 1 1
ede8b619a446_study,negative 1 0 0 1 1
edfe1e3b1fb8_study,negative 1 0 0 1 1
ee7780677a6a_study,negative 1 0 0 1 1
ee860264dd8c_study,negative 1 0 0 1 1
ee9f48a701a6_study,negative 1 0 0 1 1
eea1e56576f5_study,negative 1 0 0 1 1
eea90eaf5391_study,negative 1 0 0 1 1
eeb3e6ba2c29_study,negative 1 0 0 1 1
ef3c5684ecae_study,negative 1 0 0 1 1
ef3e7a0c9ce4_study,negative 1 0 0 1 1
ef4b4ec56178_study,negative 1 0 0 1 1
ef7cd0715fbb_study,negative 1 0 0 1 1
ef93153d87b2_study,negative 1 0 0 1 1
efc58b7cfb19_study,negative 1 0 0 1 1
eff3315137e1_study,negative 1 0 0 1 1
eff9e575ad15_study,negative 1 0 0 1 1
f016d6bdebc1_study,negative 1 0 0 1 1
f0883d979bdd_study,negative 1 0 0 1 1
f0a380548c76_study,negative 1 0 0 1 1
f0a3f409468a_study,negative 1 0 0 1 1
f146eb3c25c2_study,negative 1 0 0 1 1
f1be3cad11ef_study,negative 1 0 0 1 1
f221f9f21445_study,negative 1 0 0 1 1
f25cc47c3a0f_study,negative 1 0 0 1 1
f29dcebea115_study,negative 1 0 0 1 1
f2d6f31dc5a6_study,negative 1 0 0 1 1
f3836378efa0_study,negative 1 0 0 1 1
f39b840d4e6f_study,negative 1 0 0 1 1
f3d5844aab79_study,negative 1 0 0 1 1
f3e357df078b_study,negative 1 0 0 1 1
f3f82683fcbc_study,negative 1 0 0 1 1
f40497be74df_study,negative 1 0 0 1 1
f41885c32732_study,negative 1 0 0 1 1
f4dd822aa759_study,negative 1 0 0 1 1
f5b981349e98_study,negative 1 0 0 1 1
f5d4e4e1c82f_study,negative 1 0 0 1 1
f601f8c9018c_study,negative 1 0 0 1 1
f60630ffc310_study,negative 1 0 0 1 1
f66894c11824_study,negative 1 0 0 1 1
f6b80b77d753_study,negative 1 0 0 1 1
f6bccef80118_study,negative 1 0 0 1 1
f6de79c7f029_study,negative 1 0 0 1 1
f71b52604902_study,negative 1 0 0 1 1
f76a41789560_study,negative 1 0 0 1 1
f78027b5a34e_study,negative 1 0 0 1 1
f78df9f25143_study,negative 1 0 0 1 1
f791fa30274e_study,negative 1 0 0 1 1
f7bc207ff087_study,negative 1 0 0 1 1
f7d3c8acc574_study,negative 1 0 0 1 1
f7ddfea36bf0_study,negative 1 0 0 1 1
f800558e2d67_study,negative 1 0 0 1 1
f85b5d51e41d_study,negative 1 0 0 1 1
f884821859a6_study,negative 1 0 0 1 1
f8dbe97a5542_study,negative 1 0 0 1 1
f928ae474f7e_study,negative 1 0 0 1 1
f9e2dae3b0d1_study,negative 1 0 0 1 1
faabf68ffc99_study,negative 1 0 0 1 1
faaf340d46dc_study,negative 1 0 0 1 1
faafe8fa3030_study,negative 1 0 0 1 1
fae0a3a751a8_study,negative 1 0 0 1 1
fb61db93b8da_study,negative 1 0 0 1 1
fb6a6174b4cc_study,negative 1 0 0 1 1
fb97c8dfe8e4_study,negative 1 0 0 1 1
fbef288cd370_study,negative 1 0 0 1 1
fbfbc8c07230_study,negative 1 0 0 1 1
fc6054ce5985_study,negative 1 0 0 1 1
fd15cbd7cced_study,negative 1 0 0 1 1
fd193f9220cb_study,negative 1 0 0 1 1
fd28c9e4074c_study,negative 1 0 0 1 1
fd551460e2e4_study,negative 1 0 0 1 1
fd90119fe61b_study,negative 1 0 0 1 1
fd998ce80eb6_study,negative 1 0 0 1 1
fdad33449860_study,negative 1 0 0 1 1
fe3fa13c059c_study,negative 1 0 0 1 1
fe48f2bc28b4_study,negative 1 0 0 1 1
fe64182ae21d_study,negative 1 0 0 1 1
fef37647517b_study,negative 1 0 0 1 1
ff185ce05a5d_study,negative 1 0 0 1 1
ff1ba0e9aaf0_study,negative 1 0 0 1 1
ff2cc4de58c5_study,negative 1 0 0 1 1
ff2f0a744930_study,negative 1 0 0 1 1
ff88940dce8b_study,negative 1 0 0 1 1
fff7ef24961f_study,negative 1 0 0 1 1
557a70442928_image,none 1 0 0 1 1
36141cda67ad_image,none 1 0 0 1 1
2413a23a5477_image,none 1 0 0 1 1
c263b1e9aa64_image,none 1 0 0 1 1
4fe0444d7fc5_image,none 1 0 0 1 1
1ff307ae0df6_image,none 1 0 0 1 1
b5e287db5781_image,none 1 0 0 1 1
07c552c36da3_image,none 1 0 0 1 1
c26e3ae08056_image,none 1 0 0 1 1
4eb9a8ab1559_image,none 1 0 0 1 1
afd960320c38_image,none 1 0 0 1 1
66d812201e73_image,none 1 0 0 1 1
864372de3df3_image,none 1 0 0 1 1
95381cfcbf0c_image,none 1 0 0 1 1
9cbc2fd041a7_image,none 1 0 0 1 1
4d105a99d866_image,none 1 0 0 1 1
1863b31637f6_image,none 1 0 0 1 1
e88f293bc83a_image,none 1 0 0 1 1
55ea6ce07bdd_image,none 1 0 0 1 1
cdc508b061fa_image,none 1 0 0 1 1
81646eb45af3_image,none 1 0 0 1 1
afce260dc959_image,none 1 0 0 1 1
e71a18669122_image,none 1 0 0 1 1
5dfad16f8d65_image,none 1 0 0 1 1
0cea7e93db89_image,none 1 0 0 1 1
68b95eed58ed_image,none 1 0 0 1 1
5058f3b157e3_image,none 1 0 0 1 1
f1b95b972b74_image,none 1 0 0 1 1
f504d269be24_image,none 1 0 0 1 1
e00b7784d1eb_image,none 1 0 0 1 1
ea7909e782fe_image,none 1 0 0 1 1
c836922a723b_image,none 1 0 0 1 1
aaef254ce2b3_image,none 1 0 0 1 1
9bee9808a9d4_image,none 1 0 0 1 1
abedbc04a891_image,none 1 0 0 1 1
b08f26e45762_image,none 1 0 0 1 1
7e2e014e1656_image,none 1 0 0 1 1
9188ac2c54fe_image,none 1 0 0 1 1
c02ef6a70c7e_image,none 1 0 0 1 1
825dd8f7aca2_image,none 1 0 0 1 1
65a02e95292e_image,none 1 0 0 1 1
9f1c1a909d7f_image,none 1 0 0 1 1
445298de90b9_image,none 1 0 0 1 1
2b7e9cf46376_image,none 1 0 0 1 1
08bbffaafbe7_image,none 1 0 0 1 1
41251dd79bb3_image,none 1 0 0 1 1
1359178e428a_image,none 1 0 0 1 1
1a1722362e19_image,none 1 0 0 1 1
2d58009c5ade_image,none 1 0 0 1 1
7f4b304253ac_image,none 1 0 0 1 1
d3270449d5c5_image,none 1 0 0 1 1
4eecfe2a4de1_image,none 1 0 0 1 1
36b323299f7e_image,none 1 0 0 1 1
78ff4d296adf_image,none 1 0 0 1 1
4041be34745f_image,none 1 0 0 1 1
e78f51cdf0b8_image,none 1 0 0 1 1
ea5341f767eb_image,none 1 0 0 1 1
aeaa44932cdd_image,none 1 0 0 1 1
ea79274e2bfd_image,none 1 0 0 1 1
6610e4632963_image,none 1 0 0 1 1
ba91d37ee459_image,none 1 0 0 1 1
e3a4dddc69b6_image,none 1 0 0 1 1
ab97e736a971_image,none 1 0 0 1 1
b56f4eda9cea_image,none 1 0 0 1 1
317df13caea9_image,none 1 0 0 1 1
c24b6850df7d_image,none 1 0 0 1 1
aa6c8c46a05f_image,none 1 0 0 1 1
fa29fd163597_image,none 1 0 0 1 1
d7cb763ec2b1_image,none 1 0 0 1 1
fdbaf93d6c5b_image,none 1 0 0 1 1
f17999420b3f_image,none 1 0 0 1 1
99b475d1d2ec_image,none 1 0 0 1 1
c28570a073d9_image,none 1 0 0 1 1
d1912847d707_image,none 1 0 0 1 1
59d238641bee_image,none 1 0 0 1 1
ab46f325ad85_image,none 1 0 0 1 1
c3deaf98bf56_image,none 1 0 0 1 1
97324905f48f_image,none 1 0 0 1 1
d438ffd35a00_image,none 1 0 0 1 1
9e63fbef3c21_image,none 1 0 0 1 1
eea4c86f42d5_image,none 1 0 0 1 1
966b86658ed3_image,none 1 0 0 1 1
240bf89e4d58_image,none 1 0 0 1 1
6aedc81fb62d_image,none 1 0 0 1 1
11d59a5488ed_image,none 1 0 0 1 1
d7e440b4dc62_image,none 1 0 0 1 1
91faf22d3721_image,none 1 0 0 1 1
d832414be226_image,none 1 0 0 1 1
87a0829f53c1_image,none 1 0 0 1 1
2910a7781437_image,none 1 0 0 1 1
179291642620_image,none 1 0 0 1 1
1e7429ce2e06_image,none 1 0 0 1 1
06df1e2fde68_image,none 1 0 0 1 1
efd8a04416af_image,none 1 0 0 1 1
b411d3c30168_image,none 1 0 0 1 1
88782677cbec_image,none 1 0 0 1 1
e32589cd4421_image,none 1 0 0 1 1
ea39ebfacca2_image,none 1 0 0 1 1
e5c56ef2d194_image,none 1 0 0 1 1
2dbd5f171a0f_image,none 1 0 0 1 1
e427d54f3926_image,none 1 0 0 1 1
ab471797d0a8_image,none 1 0 0 1 1
a9330037dce2_image,none 1 0 0 1 1
7bf91ffc125c_image,none 1 0 0 1 1
19b0d2d65a38_image,none 1 0 0 1 1
51a0100c5921_image,none 1 0 0 1 1
7a09311ec3fa_image,none 1 0 0 1 1
9ad80e79362f_image,none 1 0 0 1 1
81bae2b0c027_image,none 1 0 0 1 1
a9035a2d34f2_image,none 1 0 0 1 1
b0e7fab418bc_image,none 1 0 0 1 1
9b0ab5582681_image,none 1 0 0 1 1
926aeec260b1_image,none 1 0 0 1 1
586b00a19a17_image,none 1 0 0 1 1
bbbd7ab57e75_image,none 1 0 0 1 1
0418a303883e_image,none 1 0 0 1 1
885136bc24c1_image,none 1 0 0 1 1
f038e6d16303_image,none 1 0 0 1 1
155f5e326d5e_image,none 1 0 0 1 1
305870c916a4_image,none 1 0 0 1 1
a43e755ee84f_image,none 1 0 0 1 1
c13357e59083_image,none 1 0 0 1 1
2b9cfe857b00_image,none 1 0 0 1 1
d6bfc693ebd0_image,none 1 0 0 1 1
7b5d82423dec_image,none 1 0 0 1 1
38b2e04ea601_image,none 1 0 0 1 1
94573ab529f3_image,none 1 0 0 1 1
536da2d8df21_image,none 1 0 0 1 1
516d9b3ee48c_image,none 1 0 0 1 1
f2eaa573742f_image,none 1 0 0 1 1
cb26c1aef6fb_image,none 1 0 0 1 1
e0daaf8d36a4_image,none 1 0 0 1 1
50de91c4297d_image,none 1 0 0 1 1
55ecad406759_image,none 1 0 0 1 1
f5b45b497add_image,none 1 0 0 1 1
c6c9bf98487a_image,none 1 0 0 1 1
180a5ea482c5_image,none 1 0 0 1 1
661343e25b55_image,none 1 0 0 1 1
89015a2258aa_image,none 1 0 0 1 1
b04178e642ed_image,none 1 0 0 1 1
16972e92e827_image,none 1 0 0 1 1
39756fea8654_image,none 1 0 0 1 1
4c3ca06916a1_image,none 1 0 0 1 1
2663588e7048_image,none 1 0 0 1 1
c1de38ec41d6_image,none 1 0 0 1 1
61884a13a399_image,none 1 0 0 1 1
ba4b17aaafc2_image,none 1 0 0 1 1
c010822b2938_image,none 1 0 0 1 1
6f9d2683e93e_image,none 1 0 0 1 1
cb3eb8d1abd3_image,none 1 0 0 1 1
1c8df7067e35_image,none 1 0 0 1 1
51aedbecbf46_image,none 1 0 0 1 1
90fa4db1ab87_image,none 1 0 0 1 1
db9ea9c5067e_image,none 1 0 0 1 1
4ea555b6e2a8_image,none 1 0 0 1 1
0c2ad4c7a6c4_image,none 1 0 0 1 1
b9ebfc00c1b5_image,none 1 0 0 1 1
ab276c041ef9_image,none 1 0 0 1 1
eb6cabb0b9f2_image,none 1 0 0 1 1
14658311d76e_image,none 1 0 0 1 1
57d169dabba7_image,none 1 0 0 1 1
9a526c2b4891_image,none 1 0 0 1 1
4040afec3ee4_image,none 1 0 0 1 1
942313ae4303_image,none 1 0 0 1 1
ad3e33d5f844_image,none 1 0 0 1 1
5020cd97beb8_image,none 1 0 0 1 1
9ad1e1a0f97d_image,none 1 0 0 1 1
927bd54fd2dd_image,none 1 0 0 1 1
697a674d44e0_image,none 1 0 0 1 1
d021e4e09628_image,none 1 0 0 1 1
1b282faf0f42_image,none 1 0 0 1 1
ff88ed1df29b_image,none 1 0 0 1 1
d0c7ebd93e70_image,none 1 0 0 1 1
1c1c48cb66e4_image,none 1 0 0 1 1
b5b00763a191_image,none 1 0 0 1 1
700b4524a9cf_image,none 1 0 0 1 1
181a2a300bb8_image,none 1 0 0 1 1
0562436fde50_image,none 1 0 0 1 1
550a6a9ee91e_image,none 1 0 0 1 1
1d981fb423e0_image,none 1 0 0 1 1
e9783e91ed84_image,none 1 0 0 1 1
c5c3fab94f6f_image,none 1 0 0 1 1
9e78e0ae2f3e_image,none 1 0 0 1 1
049fce8128f9_image,none 1 0 0 1 1
833fc5c718dd_image,none 1 0 0 1 1
c61fe263d5e3_image,none 1 0 0 1 1
962e120703d1_image,none 1 0 0 1 1
6e13fdb97952_image,none 1 0 0 1 1
ae357fad39c2_image,none 1 0 0 1 1
a9d318c0b89e_image,none 1 0 0 1 1
2250e31a4999_image,none 1 0 0 1 1
f34e1aaea8a0_image,none 1 0 0 1 1
87d8baf120a6_image,none 1 0 0 1 1
476dec5c36e1_image,none 1 0 0 1 1
87c51db67bf7_image,none 1 0 0 1 1
afe360acb63b_image,none 1 0 0 1 1
ad7c68b8f111_image,none 1 0 0 1 1
c440ed025b38_image,none 1 0 0 1 1
52f02af216bb_image,none 1 0 0 1 1
26f2478e3e85_image,none 1 0 0 1 1
e3cd1fdf2444_image,none 1 0 0 1 1
fec0249d70e4_image,none 1 0 0 1 1
237aafc42d57_image,none 1 0 0 1 1
7f49e2face0c_image,none 1 0 0 1 1
3d623665afd7_image,none 1 0 0 1 1
32b23b347bb0_image,none 1 0 0 1 1
1eb558739c44_image,none 1 0 0 1 1
aad5bc70a20e_image,none 1 0 0 1 1
32ecb7330e19_image,none 1 0 0 1 1
c5b3475f3ea5_image,none 1 0 0 1 1
576cbe3e3680_image,none 1 0 0 1 1
3f133fac447c_image,none 1 0 0 1 1
65be7fc2448a_image,none 1 0 0 1 1
b1b46fa2505e_image,none 1 0 0 1 1
154b6a49ff75_image,none 1 0 0 1 1
5ee582e2463a_image,none 1 0 0 1 1
2857f0e19e09_image,none 1 0 0 1 1
c1bb54cfe02f_image,none 1 0 0 1 1
e002731bb6cb_image,none 1 0 0 1 1
c3c99fea8c77_image,none 1 0 0 1 1
94cb9518e355_image,none 1 0 0 1 1
4ffdca4189d5_image,none 1 0 0 1 1
fbf41ac72bdb_image,none 1 0 0 1 1
2686959fb3a5_image,none 1 0 0 1 1
9114c5437cfb_image,none 1 0 0 1 1
34834851ec56_image,none 1 0 0 1 1
cf0007295ff6_image,none 1 0 0 1 1
18a23df4fe99_image,none 1 0 0 1 1
f35d7c728684_image,none 1 0 0 1 1
0cc69a8f538c_image,none 1 0 0 1 1
3fe73d3b28b9_image,none 1 0 0 1 1
394892cb8a63_image,none 1 0 0 1 1
78d62cb36b01_image,none 1 0 0 1 1
45a57e934e94_image,none 1 0 0 1 1
ae001742d48b_image,none 1 0 0 1 1
553cc2a7b556_image,none 1 0 0 1 1
9677eff4374d_image,none 1 0 0 1 1
eb793f1aa7a1_image,none 1 0 0 1 1
09b64291b1b9_image,none 1 0 0 1 1
7934201faebb_image,none 1 0 0 1 1
24ef59e133f6_image,none 1 0 0 1 1
4eb36901f082_image,none 1 0 0 1 1
0d4ba5dc4a24_image,none 1 0 0 1 1
ee2b112cdd91_image,none 1 0 0 1 1
10d3c965a5b4_image,none 1 0 0 1 1
2be1c227dbf2_image,none 1 0 0 1 1
adc2ac4726e2_image,none 1 0 0 1 1
3b9fc021b611_image,none 1 0 0 1 1
26fa9834387e_image,none 1 0 0 1 1
3d465a00a9b6_image,none 1 0 0 1 1
bab3c8aa789b_image,none 1 0 0 1 1
98fbac3667c9_image,none 1 0 0 1 1
fed3a460884c_image,none 1 0 0 1 1
8d6d32d0822e_image,none 1 0 0 1 1
0ed283a366dc_image,none 1 0 0 1 1
09a38ab5a5bd_image,none 1 0 0 1 1
89f860cec129_image,none 1 0 0 1 1
a4c570b129c3_image,none 1 0 0 1 1
720a67515500_image,none 1 0 0 1 1
f7cbc735f105_image,none 1 0 0 1 1
1308d8906c2e_image,none 1 0 0 1 1
32b211904f5b_image,none 1 0 0 1 1
b246eb99760f_image,none 1 0 0 1 1
93be428f5dcf_image,none 1 0 0 1 1
5b8ee5baa1d5_image,none 1 0 0 1 1
5472531dd991_image,none 1 0 0 1 1
cbb693ad2012_image,none 1 0 0 1 1
7b2ccb25396a_image,none 1 0 0 1 1
0f813cc26e33_image,none 1 0 0 1 1
23fd057dce2b_image,none 1 0 0 1 1
cdfdbadb85c1_image,none 1 0 0 1 1
366e7eb393e5_image,none 1 0 0 1 1
c39146cbda47_image,none 1 0 0 1 1
0c8af80ba8cb_image,none 1 0 0 1 1
d519913779f2_image,none 1 0 0 1 1
acc80ec7e327_image,none 1 0 0 1 1
5ba33931fc64_image,none 1 0 0 1 1
e47df1ad9ccf_image,none 1 0 0 1 1
11ef0d77a9c9_image,none 1 0 0 1 1
3b4e41cb8212_image,none 1 0 0 1 1
01f948f8e544_image,none 1 0 0 1 1
1c13336fc8a9_image,none 1 0 0 1 1
0821e77a60ed_image,none 1 0 0 1 1
87c38eda11ed_image,none 1 0 0 1 1
a91b4b59c145_image,none 1 0 0 1 1
3bacdbd6ce10_image,none 1 0 0 1 1
293014c67757_image,none 1 0 0 1 1
e987cb5ca98b_image,none 1 0 0 1 1
d4afc9da3448_image,none 1 0 0 1 1
6af96c8a94c9_image,none 1 0 0 1 1
5163e54f5fc1_image,none 1 0 0 1 1
fd7f440d5444_image,none 1 0 0 1 1
16a0d37747d7_image,none 1 0 0 1 1
d42b21e5f6cd_image,none 1 0 0 1 1
2dad900da56f_image,none 1 0 0 1 1
98bab257d89b_image,none 1 0 0 1 1
6c0e9f010b2b_image,none 1 0 0 1 1
f7036442740b_image,none 1 0 0 1 1
e53c7af3541a_image,none 1 0 0 1 1
b168e230f3f5_image,none 1 0 0 1 1
804538984842_image,none 1 0 0 1 1
bdd60ba8638e_image,none 1 0 0 1 1
1bc8687f938e_image,none 1 0 0 1 1
7984338fa964_image,none 1 0 0 1 1
36be4f943382_image,none 1 0 0 1 1
261b3d1adfe4_image,none 1 0 0 1 1
b30d2aef985f_image,none 1 0 0 1 1
37bf83df1b86_image,none 1 0 0 1 1
3dfa8d9f66f4_image,none 1 0 0 1 1
375b61c5cc94_image,none 1 0 0 1 1
f6ba3df9a8be_image,none 1 0 0 1 1
75b2c9f1f232_image,none 1 0 0 1 1
28b8c44feeb7_image,none 1 0 0 1 1
681766974456_image,none 1 0 0 1 1
f900aac4111b_image,none 1 0 0 1 1
f99f9714b911_image,none 1 0 0 1 1
2c1c4ab77d52_image,none 1 0 0 1 1
604bd55c21c6_image,none 1 0 0 1 1
fbb175d04c3b_image,none 1 0 0 1 1
82589da89e95_image,none 1 0 0 1 1
802b634297a0_image,none 1 0 0 1 1
1b4cf5e0fbe0_image,none 1 0 0 1 1
c4cea0fb5e7d_image,none 1 0 0 1 1
ef25824e7b3a_image,none 1 0 0 1 1
a5f2fd8c90cf_image,none 1 0 0 1 1
6ea59a2ee627_image,none 1 0 0 1 1
471f3f81a718_image,none 1 0 0 1 1
de0cf08fcad0_image,none 1 0 0 1 1
337662fe44ef_image,none 1 0 0 1 1
773998cb3cbe_image,none 1 0 0 1 1
574b38d8f6ee_image,none 1 0 0 1 1
fbc094e9276f_image,none 1 0 0 1 1
3bf0dc73f1fe_image,none 1 0 0 1 1
12fbfd355d88_image,none 1 0 0 1 1
8857adac8318_image,none 1 0 0 1 1
4e126f476f86_image,none 1 0 0 1 1
44b12000b7bf_image,none 1 0 0 1 1
a27f34f4faa2_image,none 1 0 0 1 1
731b94c566ef_image,none 1 0 0 1 1
fb1e3b68864d_image,none 1 0 0 1 1
d4a4dc17bb61_image,none 1 0 0 1 1
e9a3b9253cd3_image,none 1 0 0 1 1
dcf6740dbc49_image,none 1 0 0 1 1
2fd67e10bfe7_image,none 1 0 0 1 1
4855b78e0df2_image,none 1 0 0 1 1
11dbf622932a_image,none 1 0 0 1 1
2ae9c4c6566f_image,none 1 0 0 1 1
cf0bf9859b12_image,none 1 0 0 1 1
5a73ab51749e_image,none 1 0 0 1 1
cc2c3a3d2f4b_image,none 1 0 0 1 1
a2bc78e322a8_image,none 1 0 0 1 1
2a2f54eb48df_image,none 1 0 0 1 1
5badf765648c_image,none 1 0 0 1 1
95691f6666a0_image,none 1 0 0 1 1
5fba37ac7937_image,none 1 0 0 1 1
57879f49e8a7_image,none 1 0 0 1 1
b138b32605b0_image,none 1 0 0 1 1
ca107bb3a592_image,none 1 0 0 1 1
e49489fcf5c0_image,none 1 0 0 1 1
b3c8408f4064_image,none 1 0 0 1 1
ecb545d2ff15_image,none 1 0 0 1 1
30b1c089724e_image,none 1 0 0 1 1
8262b27852b3_image,none 1 0 0 1 1
5b75a1de503b_image,none 1 0 0 1 1
bc72a19f5d87_image,none 1 0 0 1 1
ab15692269fc_image,none 1 0 0 1 1
376d6d181b25_image,none 1 0 0 1 1
5378fb58d2d1_image,none 1 0 0 1 1
946a0aa2bb58_image,none 1 0 0 1 1
1199fd9f2aba_image,none 1 0 0 1 1
a459429226e0_image,none 1 0 0 1 1
8bc924bcab6f_image,none 1 0 0 1 1
d16be9684636_image,none 1 0 0 1 1
80af9d802a16_image,none 1 0 0 1 1
6f3931d7257e_image,none 1 0 0 1 1
859cac874454_image,none 1 0 0 1 1
6c45d9b8e386_image,none 1 0 0 1 1
8c3864112d54_image,none 1 0 0 1 1
767f10b9aab5_image,none 1 0 0 1 1
7fb9c360a3a0_image,none 1 0 0 1 1
3dcdfc352a06_image,none 1 0 0 1 1
609361f18122_image,none 1 0 0 1 1
978e985f0c70_image,none 1 0 0 1 1
3be5852db61e_image,none 1 0 0 1 1
db1af486b119_image,none 1 0 0 1 1
c6a555431645_image,none 1 0 0 1 1
a4067adac314_image,none 1 0 0 1 1
5232ab4c4671_image,none 1 0 0 1 1
18e043b70fda_image,none 1 0 0 1 1
47ea205fd755_image,none 1 0 0 1 1
603addd70746_image,none 1 0 0 1 1
51ea4e1227bd_image,none 1 0 0 1 1
ae9849096225_image,none 1 0 0 1 1
8b6ebd55c8c8_image,none 1 0 0 1 1
b9f9619f02ba_image,none 1 0 0 1 1
a0f473f71878_image,none 1 0 0 1 1
ede662a3de87_image,none 1 0 0 1 1
5175b9a4a25e_image,none 1 0 0 1 1
16237f3bc333_image,none 1 0 0 1 1
4f7f40e478b1_image,none 1 0 0 1 1
08992bd07010_image,none 1 0 0 1 1
b69c808bc09b_image,none 1 0 0 1 1
53c971120ab1_image,none 1 0 0 1 1
3d4fb4320278_image,none 1 0 0 1 1
b873cfe5cead_image,none 1 0 0 1 1
ba0b49821b69_image,none 1 0 0 1 1
114f7f3baedf_image,none 1 0 0 1 1
82198019c4a4_image,none 1 0 0 1 1
1b640a2839db_image,none 1 0 0 1 1
d5911a060ee4_image,none 1 0 0 1 1
4fff9ae1ff37_image,none 1 0 0 1 1
e8cc6a2f117c_image,none 1 0 0 1 1
93dd10a00c51_image,none 1 0 0 1 1
bf30cc575dc9_image,none 1 0 0 1 1
11541455ef19_image,none 1 0 0 1 1
4905b651a091_image,none 1 0 0 1 1
97998832742c_image,none 1 0 0 1 1
95be2813ba36_image,none 1 0 0 1 1
17e40efa4596_image,none 1 0 0 1 1
198ffac65dac_image,none 1 0 0 1 1
d5d3ededa34e_image,none 1 0 0 1 1
6fd59d569aa1_image,none 1 0 0 1 1
af31df978fe9_image,none 1 0 0 1 1
6c42a41a6c6e_image,none 1 0 0 1 1
6eb71d191dec_image,none 1 0 0 1 1
36500eabad2d_image,none 1 0 0 1 1
05feea9719f5_image,none 1 0 0 1 1
ad97e89134ca_image,none 1 0 0 1 1
a489286e78c1_image,none 1 0 0 1 1
1c1e9d3f5bab_image,none 1 0 0 1 1
5e64da034f7a_image,none 1 0 0 1 1
9d0f2c2645da_image,none 1 0 0 1 1
ea9ee4d59c59_image,none 1 0 0 1 1
8032d270ede6_image,none 1 0 0 1 1
d2289e68cca1_image,none 1 0 0 1 1
a24bc9ab2ea8_image,none 1 0 0 1 1
e134e2ffdfaf_image,none 1 0 0 1 1
91a36aae8b27_image,none 1 0 0 1 1
7d0b75feaa8a_image,none 1 0 0 1 1
268d472480ec_image,none 1 0 0 1 1
e3eeddbfba24_image,none 1 0 0 1 1
1a4c378605f5_image,none 1 0 0 1 1
bb6fc945fc18_image,none 1 0 0 1 1
159cbf4e41e4_image,none 1 0 0 1 1
a591e663f4d8_image,none 1 0 0 1 1
9f525be80c70_image,none 1 0 0 1 1
a82ca8f37fb6_image,none 1 0 0 1 1
ffc66893d9ea_image,none 1 0 0 1 1
9883f5325492_image,none 1 0 0 1 1
ad56b89a81c7_image,none 1 0 0 1 1
da263425b379_image,none 1 0 0 1 1
070cbe2d3dbb_image,none 1 0 0 1 1
d8b8ef2bcbf6_image,none 1 0 0 1 1
14ec6bdb5641_image,none 1 0 0 1 1
6d66127d071d_image,none 1 0 0 1 1
db15ead7ab00_image,none 1 0 0 1 1
71dfba1a08de_image,none 1 0 0 1 1
a22e6a0c0ec3_image,none 1 0 0 1 1
b39bb8f504fb_image,none 1 0 0 1 1
e5a860104190_image,none 1 0 0 1 1
100316af8a36_image,none 1 0 0 1 1
d6387e1c8161_image,none 1 0 0 1 1
5c88a5fc55e7_image,none 1 0 0 1 1
2743e121b370_image,none 1 0 0 1 1
cea591e99b8a_image,none 1 0 0 1 1
3d639e7999a5_image,none 1 0 0 1 1
aebc1d3a968d_image,none 1 0 0 1 1
d0439f9e0dcd_image,none 1 0 0 1 1
0be236941397_image,none 1 0 0 1 1
d6809af17965_image,none 1 0 0 1 1
4b0058c1f54e_image,none 1 0 0 1 1
0a3a99612b28_image,none 1 0 0 1 1
639f6bf3c727_image,none 1 0 0 1 1
f554169c1277_image,none 1 0 0 1 1
5a0de0207028_image,none 1 0 0 1 1
5596c4063d58_image,none 1 0 0 1 1
539931eced05_image,none 1 0 0 1 1
c8538fe73673_image,none 1 0 0 1 1
877b017a6d20_image,none 1 0 0 1 1
7230f166720e_image,none 1 0 0 1 1
4f1ad3374103_image,none 1 0 0 1 1
41c26ea10186_image,none 1 0 0 1 1
cfcbddf07c58_image,none 1 0 0 1 1
11b60db4052a_image,none 1 0 0 1 1
3d56a237b6be_image,none 1 0 0 1 1
69ace2980660_image,none 1 0 0 1 1
5e0e7acd9c7d_image,none 1 0 0 1 1
6ca497c845ef_image,none 1 0 0 1 1
efcfaa82fcb8_image,none 1 0 0 1 1
e92b08b5a77c_image,none 1 0 0 1 1
ca7b91d018c7_image,none 1 0 0 1 1
9f6cc74b0062_image,none 1 0 0 1 1
5878b290f09a_image,none 1 0 0 1 1
fd435a3c012d_image,none 1 0 0 1 1
bb1d9e39b848_image,none 1 0 0 1 1
f2200b845e93_image,none 1 0 0 1 1
0fedf74dc163_image,none 1 0 0 1 1
7cc2f3d9b469_image,none 1 0 0 1 1
386343f0df08_image,none 1 0 0 1 1
f533f5259633_image,none 1 0 0 1 1
4c2d931d0f33_image,none 1 0 0 1 1
256f0960de75_image,none 1 0 0 1 1
e5f1d33714e6_image,none 1 0 0 1 1
c34113e0228a_image,none 1 0 0 1 1
1e1734034b0f_image,none 1 0 0 1 1
0026720152f5_image,none 1 0 0 1 1
949b8bf1079a_image,none 1 0 0 1 1
d69b4547fc69_image,none 1 0 0 1 1
ecdd379e2a9b_image,none 1 0 0 1 1
b22a9e82f34e_image,none 1 0 0 1 1
e2f83c4e9c79_image,none 1 0 0 1 1
0db323463d0a_image,none 1 0 0 1 1
eff9f15c7e9b_image,none 1 0 0 1 1
664250f0f623_image,none 1 0 0 1 1
1aa1491c9cd1_image,none 1 0 0 1 1
1093f305a358_image,none 1 0 0 1 1
33087aa9853d_image,none 1 0 0 1 1
eebfaa5e1a65_image,none 1 0 0 1 1
83594e6ad0ba_image,none 1 0 0 1 1
c0c89f864fda_image,none 1 0 0 1 1
37034ce54151_image,none 1 0 0 1 1
50537bcf4cc2_image,none 1 0 0 1 1
5f65421ff6fd_image,none 1 0 0 1 1
2ddefbb957e9_image,none 1 0 0 1 1
160cfef3014f_image,none 1 0 0 1 1
da3860170bad_image,none 1 0 0 1 1
349d5e5d8690_image,none 1 0 0 1 1
8d2c75ff8149_image,none 1 0 0 1 1
3612ee150596_image,none 1 0 0 1 1
0feac35cd28b_image,none 1 0 0 1 1
51635cbfbe18_image,none 1 0 0 1 1
0f50aabaa314_image,none 1 0 0 1 1
b717534f157a_image,none 1 0 0 1 1
d3b7a21b2ce2_image,none 1 0 0 1 1
39f8e38c9d43_image,none 1 0 0 1 1
e730aa7fca0a_image,none 1 0 0 1 1
be53bfb563b3_image,none 1 0 0 1 1
1dccbb75ffba_image,none 1 0 0 1 1
c7ef36caa2fa_image,none 1 0 0 1 1
a29c5a68b07b_image,none 1 0 0 1 1
ef661638c8c0_image,none 1 0 0 1 1
776686ca2f1b_image,none 1 0 0 1 1
7603bfc07ffd_image,none 1 0 0 1 1
5dd9e477a6ee_image,none 1 0 0 1 1
2a316bf62f59_image,none 1 0 0 1 1
5dba2b3647b1_image,none 1 0 0 1 1
7169a450d1bf_image,none 1 0 0 1 1
88b9ca325a4c_image,none 1 0 0 1 1
b4a7026fe17c_image,none 1 0 0 1 1
ee580bf07fa1_image,none 1 0 0 1 1
c788095df8f2_image,none 1 0 0 1 1
d764b622b4b5_image,none 1 0 0 1 1
699fc1ec26f9_image,none 1 0 0 1 1
ac634dd7e884_image,none 1 0 0 1 1
7230234e120a_image,none 1 0 0 1 1
6be63db536d7_image,none 1 0 0 1 1
4c3dbddfc294_image,none 1 0 0 1 1
65045f5ef280_image,none 1 0 0 1 1
2fca6fe9c1ba_image,none 1 0 0 1 1
b708990b8e03_image,none 1 0 0 1 1
6fd7971538df_image,none 1 0 0 1 1
84d25a1cef94_image,none 1 0 0 1 1
374e1b87d7b8_image,none 1 0 0 1 1
087f2e308700_image,none 1 0 0 1 1
9951f793880c_image,none 1 0 0 1 1
c955b7274092_image,none 1 0 0 1 1
be4b4301c5e4_image,none 1 0 0 1 1
6828795ea830_image,none 1 0 0 1 1
89426c0c18a8_image,none 1 0 0 1 1
2be224a00fac_image,none 1 0 0 1 1
18e6a4083920_image,none 1 0 0 1 1
21ab319a926c_image,none 1 0 0 1 1
3730eb76afba_image,none 1 0 0 1 1
8ad2e769d2b0_image,none 1 0 0 1 1
d0de673a7b63_image,none 1 0 0 1 1
cdd9c6e8d821_image,none 1 0 0 1 1
503a6e0884c6_image,none 1 0 0 1 1
4fe79f658041_image,none 1 0 0 1 1
fc45a3b144a7_image,none 1 0 0 1 1
25d33047633c_image,none 1 0 0 1 1
3d47cc325262_image,none 1 0 0 1 1
1ed201489300_image,none 1 0 0 1 1
5c4c752c1e46_image,none 1 0 0 1 1
af13d77fc159_image,none 1 0 0 1 1
2b59777ebc31_image,none 1 0 0 1 1
3b7ae6879147_image,none 1 0 0 1 1
4fc12ae446a8_image,none 1 0 0 1 1
2a2019322d8e_image,none 1 0 0 1 1
de56c2d5b778_image,none 1 0 0 1 1
9d2e46f17c72_image,none 1 0 0 1 1
1e9b7b493e47_image,none 1 0 0 1 1
9f10e1534e81_image,none 1 0 0 1 1
6de46911f968_image,none 1 0 0 1 1
f90deb13b3e2_image,none 1 0 0 1 1
2565c5ccfba1_image,none 1 0 0 1 1
6dea3c3d1efa_image,none 1 0 0 1 1
ddd7ad8b0c41_image,none 1 0 0 1 1
1eae0890a6ad_image,none 1 0 0 1 1
3247432330d8_image,none 1 0 0 1 1
7c95cf673952_image,none 1 0 0 1 1
00fc8fc35dc1_image,none 1 0 0 1 1
82b36d045a12_image,none 1 0 0 1 1
130aa9d3716d_image,none 1 0 0 1 1
f2038cb67c83_image,none 1 0 0 1 1
0f147ee4a61b_image,none 1 0 0 1 1
572d5c14fc66_image,none 1 0 0 1 1
8727f101e9f6_image,none 1 0 0 1 1
28d0fa664e61_image,none 1 0 0 1 1
509c535a3dc1_image,none 1 0 0 1 1
4bf0dc7bae40_image,none 1 0 0 1 1
262f3525e16a_image,none 1 0 0 1 1
d1a0f21a848f_image,none 1 0 0 1 1
f58258eeaa42_image,none 1 0 0 1 1
16d5b63ac279_image,none 1 0 0 1 1
435bc0fcb0ab_image,none 1 0 0 1 1
accc3b15a2d4_image,none 1 0 0 1 1
064b37b01cd2_image,none 1 0 0 1 1
5c90beaa5c48_image,none 1 0 0 1 1
59911e31f963_image,none 1 0 0 1 1
a840d15a7cdc_image,none 1 0 0 1 1
d8e2ec854be4_image,none 1 0 0 1 1
dba0caa176ce_image,none 1 0 0 1 1
41c25ec8c44c_image,none 1 0 0 1 1
69d1134dccc6_image,none 1 0 0 1 1
a67ef603134f_image,none 1 0 0 1 1
120ce3e7cd73_image,none 1 0 0 1 1
8c452e8e1278_image,none 1 0 0 1 1
73eb8898d211_image,none 1 0 0 1 1
a706ebbc447a_image,none 1 0 0 1 1
e23027c8bea6_image,none 1 0 0 1 1
aba653aebd55_image,none 1 0 0 1 1
09443dcb865f_image,none 1 0 0 1 1
c5ac37cc6234_image,none 1 0 0 1 1
9b8610d78de1_image,none 1 0 0 1 1
f31bb833e467_image,none 1 0 0 1 1
dee71f5c5b9c_image,none 1 0 0 1 1
695e2c6dede4_image,none 1 0 0 1 1
8d6dea06a032_image,none 1 0 0 1 1
0d47ef3e87e4_image,none 1 0 0 1 1
0bbb78f96f46_image,none 1 0 0 1 1
dc0b4b3495c4_image,none 1 0 0 1 1
86734b7cc20f_image,none 1 0 0 1 1
a6a0ba6efa97_image,none 1 0 0 1 1
53b0dc275cb0_image,none 1 0 0 1 1
6b07294c7674_image,none 1 0 0 1 1
d50e6d47864b_image,none 1 0 0 1 1
aa6b768d3161_image,none 1 0 0 1 1
ea71a8b95d30_image,none 1 0 0 1 1
cee98095dd28_image,none 1 0 0 1 1
d1be32513936_image,none 1 0 0 1 1
ac2562a40897_image,none 1 0 0 1 1
9310ceec556a_image,none 1 0 0 1 1
55f69f03ee2f_image,none 1 0 0 1 1
92c25d90d0a8_image,none 1 0 0 1 1
8927235865c9_image,none 1 0 0 1 1
51d2f37f3f60_image,none 1 0 0 1 1
1b40a20045ee_image,none 1 0 0 1 1
19e9733ee506_image,none 1 0 0 1 1
ec563919514c_image,none 1 0 0 1 1
9c297e900f67_image,none 1 0 0 1 1
f785f9c6bbf7_image,none 1 0 0 1 1
275513358c80_image,none 1 0 0 1 1
cf292f843e25_image,none 1 0 0 1 1
cad5ad977e21_image,none 1 0 0 1 1
e59126042b0e_image,none 1 0 0 1 1
07eb8cf8958a_image,none 1 0 0 1 1
1f927318863d_image,none 1 0 0 1 1
5592c8778ae2_image,none 1 0 0 1 1
bef0837ba654_image,none 1 0 0 1 1
158cc858a485_image,none 1 0 0 1 1
8829d22c3e2b_image,none 1 0 0 1 1
98118511c57b_image,none 1 0 0 1 1
4c4737c3e3f8_image,none 1 0 0 1 1
040d0765b661_image,none 1 0 0 1 1
649b529933d6_image,none 1 0 0 1 1
ae9c9f0b03da_image,none 1 0 0 1 1
d6c2f07ca4ba_image,none 1 0 0 1 1
9aa2c2119c43_image,none 1 0 0 1 1
37cbf79c6de0_image,none 1 0 0 1 1
b1c455a826eb_image,none 1 0 0 1 1
fbf51388c4ff_image,none 1 0 0 1 1
f625309a6d62_image,none 1 0 0 1 1
fbdb5bff26f2_image,none 1 0 0 1 1
6a0889223a38_image,none 1 0 0 1 1
d62e3d8adae9_image,none 1 0 0 1 1
904324209389_image,none 1 0 0 1 1
fe97de4edad5_image,none 1 0 0 1 1
1078af8ac3b7_image,none 1 0 0 1 1
405d774f17d5_image,none 1 0 0 1 1
b09b20b44640_image,none 1 0 0 1 1
61505043bc32_image,none 1 0 0 1 1
d25061b50086_image,none 1 0 0 1 1
05a70a1c16c1_image,none 1 0 0 1 1
95b2cd351ef0_image,none 1 0 0 1 1
866f58f2ff1f_image,none 1 0 0 1 1
c75d657e8065_image,none 1 0 0 1 1
5aa20bb0feb2_image,none 1 0 0 1 1
2533fc9ec975_image,none 1 0 0 1 1
e8d690e0d67d_image,none 1 0 0 1 1
047ba804182b_image,none 1 0 0 1 1
2e4e44dfe103_image,none 1 0 0 1 1
1ade3b5d0699_image,none 1 0 0 1 1
1d9a8f9f0eef_image,none 1 0 0 1 1
35271bec39b5_image,none 1 0 0 1 1
551957feafcc_image,none 1 0 0 1 1
8b7e42d19053_image,none 1 0 0 1 1
52168ec4f7c5_image,none 1 0 0 1 1
3550632514dc_image,none 1 0 0 1 1
96e1e1cf5431_image,none 1 0 0 1 1
6a99f80ffa1b_image,none 1 0 0 1 1
f49845505871_image,none 1 0 0 1 1
04396dd5af2f_image,none 1 0 0 1 1
e036a057d0cf_image,none 1 0 0 1 1
3f8195c5362d_image,none 1 0 0 1 1
290d07d7480f_image,none 1 0 0 1 1
b5f9a65597f2_image,none 1 0 0 1 1
d6af3acc4ce6_image,none 1 0 0 1 1
4810ae5dbc08_image,none 1 0 0 1 1
dbae9b9b9500_image,none 1 0 0 1 1
a1883aeaa8f0_image,none 1 0 0 1 1
6746a1932779_image,none 1 0 0 1 1
4d1bf3193a0c_image,none 1 0 0 1 1
6cc1f1900818_image,none 1 0 0 1 1
b16a04496b57_image,none 1 0 0 1 1
2f9ccb6faa68_image,none 1 0 0 1 1
236d240402cd_image,none 1 0 0 1 1
49fb3141efe3_image,none 1 0 0 1 1
6bce1f945580_image,none 1 0 0 1 1
8fbc90b33f87_image,none 1 0 0 1 1
e19d8286b13b_image,none 1 0 0 1 1
34b713a5bb1d_image,none 1 0 0 1 1
d706eea1b70c_image,none 1 0 0 1 1
c3d79bd7e833_image,none 1 0 0 1 1
ed74d42fc445_image,none 1 0 0 1 1
222601cefe1b_image,none 1 0 0 1 1
acc3e6eff7c8_image,none 1 0 0 1 1
81ca75341b65_image,none 1 0 0 1 1
5c9f41283e7c_image,none 1 0 0 1 1
49e9379c42dc_image,none 1 0 0 1 1
275c11b52bec_image,none 1 0 0 1 1
bea59325e32c_image,none 1 0 0 1 1
b5b53f0a4947_image,none 1 0 0 1 1
9b7cee40d0a7_image,none 1 0 0 1 1
0f01c0517022_image,none 1 0 0 1 1
8b354d4a216f_image,none 1 0 0 1 1
3a81bc9c91c9_image,none 1 0 0 1 1
ced40f593496_image,none 1 0 0 1 1
c8ebcc491f27_image,none 1 0 0 1 1
34270243e572_image,none 1 0 0 1 1
d09b2158a7c3_image,none 1 0 0 1 1
6c4cdd180e0d_image,none 1 0 0 1 1
a3d2fd5ef626_image,none 1 0 0 1 1
9603112b4c2e_image,none 1 0 0 1 1
0718c860f2ee_image,none 1 0 0 1 1
b3d87adb933b_image,none 1 0 0 1 1
4eceeddd00ca_image,none 1 0 0 1 1
c614d8c2e47e_image,none 1 0 0 1 1
c0f5131b1c99_image,none 1 0 0 1 1
6ca7b75a4796_image,none 1 0 0 1 1
bb6f8089e6df_image,none 1 0 0 1 1
25e11b9fb687_image,none 1 0 0 1 1
dfb6a487e854_image,none 1 0 0 1 1
a52729755130_image,none 1 0 0 1 1
7f30a3c92da5_image,none 1 0 0 1 1
1f737bcf6fe9_image,none 1 0 0 1 1
50243b2cdb56_image,none 1 0 0 1 1
5ac874337f82_image,none 1 0 0 1 1
af7d1bd1d629_image,none 1 0 0 1 1
c81d1d4a4d70_image,none 1 0 0 1 1
d3d02532e1cf_image,none 1 0 0 1 1
cf2bb9880db5_image,none 1 0 0 1 1
df829b7602ce_image,none 1 0 0 1 1
ebaebf6b1e02_image,none 1 0 0 1 1
eb632adfa113_image,none 1 0 0 1 1
340c9cf3b19a_image,none 1 0 0 1 1
4ece84b1cfb8_image,none 1 0 0 1 1
2a1dae5f6b5f_image,none 1 0 0 1 1
b576b0f1eeac_image,none 1 0 0 1 1
eb4d5d8af5a5_image,none 1 0 0 1 1
ce34bdbe98b5_image,none 1 0 0 1 1
7c77f9aa3a25_image,none 1 0 0 1 1
cb75251076c7_image,none 1 0 0 1 1
fd65cc14da23_image,none 1 0 0 1 1
c6fa6b9b8093_image,none 1 0 0 1 1
e5e44940be7a_image,none 1 0 0 1 1
3a2aa71a792e_image,none 1 0 0 1 1
a269f69b335e_image,none 1 0 0 1 1
63173909bed5_image,none 1 0 0 1 1
977a20a10137_image,none 1 0 0 1 1
d8407edd456b_image,none 1 0 0 1 1
13a28f6783b2_image,none 1 0 0 1 1
1a330ec81ee3_image,none 1 0 0 1 1
1ce9abb861b6_image,none 1 0 0 1 1
957550f711ee_image,none 1 0 0 1 1
eeff73683974_image,none 1 0 0 1 1
9e525f16490a_image,none 1 0 0 1 1
5eb97e03c468_image,none 1 0 0 1 1
7a31d8763221_image,none 1 0 0 1 1
0af6a45668be_image,none 1 0 0 1 1
12ae063a0dda_image,none 1 0 0 1 1
d916d2169020_image,none 1 0 0 1 1
520a1a7b039b_image,none 1 0 0 1 1
2ba135370ac3_image,none 1 0 0 1 1
dded54f9de15_image,none 1 0 0 1 1
0d50bce86451_image,none 1 0 0 1 1
ea1c164158da_image,none 1 0 0 1 1
b83b916b6714_image,none 1 0 0 1 1
26454c05ce6e_image,none 1 0 0 1 1
797fe7acf67b_image,none 1 0 0 1 1
06abdb2562ce_image,none 1 0 0 1 1
4d7b06512cc1_image,none 1 0 0 1 1
eb3fe9eb8e39_image,none 1 0 0 1 1
60f94703051a_image,none 1 0 0 1 1
0c4d32f6b806_image,none 1 0 0 1 1
f87f1ab5729e_image,none 1 0 0 1 1
4e01dd0a5fdf_image,none 1 0 0 1 1
1c9c9f68941e_image,none 1 0 0 1 1
042979d394a1_image,none 1 0 0 1 1
7035dc2026f0_image,none 1 0 0 1 1
7205313f062a_image,none 1 0 0 1 1
c0a746ef9f9f_image,none 1 0 0 1 1
bf8e59f80d5c_image,none 1 0 0 1 1
84dd9eff2ecf_image,none 1 0 0 1 1
2a31b1526915_image,none 1 0 0 1 1
3ed35204df56_image,none 1 0 0 1 1
a74e51891aa8_image,none 1 0 0 1 1
f39044d6c511_image,none 1 0 0 1 1
b3e31b3aeba4_image,none 1 0 0 1 1
5b12f6b2c93e_image,none 1 0 0 1 1
9a1185f5ff34_image,none 1 0 0 1 1
82e1a7088c64_image,none 1 0 0 1 1
9bce1b51617d_image,none 1 0 0 1 1
817301ec71da_image,none 1 0 0 1 1
eaad41dd9fe3_image,none 1 0 0 1 1
7b0e22a045ef_image,none 1 0 0 1 1
2bc3736cc7bf_image,none 1 0 0 1 1
d91b58caa74d_image,none 1 0 0 1 1
818065156194_image,none 1 0 0 1 1
5c8c441a0650_image,none 1 0 0 1 1
d0b546b42023_image,none 1 0 0 1 1
046b1edf6801_image,none 1 0 0 1 1
9f526498d12b_image,none 1 0 0 1 1
05435da60872_image,none 1 0 0 1 1
82d09edcbfc4_image,none 1 0 0 1 1
822b6007287e_image,none 1 0 0 1 1
045c1e859dfa_image,none 1 0 0 1 1
1c937e2b91a9_image,none 1 0 0 1 1
eb9a9b9a0870_image,none 1 0 0 1 1
1177e1bef164_image,none 1 0 0 1 1
a522fd19d916_image,none 1 0 0 1 1
714c44f479b0_image,none 1 0 0 1 1
beb51e05dbc5_image,none 1 0 0 1 1
3a20fde98cdc_image,none 1 0 0 1 1
c5d9340b49ee_image,none 1 0 0 1 1
e3179eb2ff82_image,none 1 0 0 1 1
8be9683b4acc_image,none 1 0 0 1 1
849c83d5af12_image,none 1 0 0 1 1
f97bf716e365_image,none 1 0 0 1 1
ba2d7962e757_image,none 1 0 0 1 1
961a766a5511_image,none 1 0 0 1 1
5af15b21333b_image,none 1 0 0 1 1
80e7a6e59bde_image,none 1 0 0 1 1
b7eb3f96fb93_image,none 1 0 0 1 1
9eb5cb68d2ca_image,none 1 0 0 1 1
a8217ee2d2a0_image,none 1 0 0 1 1
d866b471de43_image,none 1 0 0 1 1
ffb8115a304c_image,none 1 0 0 1 1
2aaab6a41f1a_image,none 1 0 0 1 1
1450e124011a_image,none 1 0 0 1 1
875cf71bd22a_image,none 1 0 0 1 1
aee5e3feb1a2_image,none 1 0 0 1 1
5fbec0b4056c_image,none 1 0 0 1 1
c47fc2a4baaf_image,none 1 0 0 1 1
eeeb7da65659_image,none 1 0 0 1 1
78adeeaa636c_image,none 1 0 0 1 1
e85bb0bcca1f_image,none 1 0 0 1 1
b854ff324fbb_image,none 1 0 0 1 1
9998acc77910_image,none 1 0 0 1 1
4acbd31eafd5_image,none 1 0 0 1 1
82c5cf0b451c_image,none 1 0 0 1 1
95a69615f643_image,none 1 0 0 1 1
ccb685c76038_image,none 1 0 0 1 1
05e168e0d636_image,none 1 0 0 1 1
b93887026df6_image,none 1 0 0 1 1
f78ec02bc8d8_image,none 1 0 0 1 1
3f1439b85338_image,none 1 0 0 1 1
f1774ffc9c4b_image,none 1 0 0 1 1
858667501a67_image,none 1 0 0 1 1
26f55b8a7a94_image,none 1 0 0 1 1
df937504e546_image,none 1 0 0 1 1
129846482a83_image,none 1 0 0 1 1
fcc09eaa77c4_image,none 1 0 0 1 1
b150add375b5_image,none 1 0 0 1 1
781a92a65529_image,none 1 0 0 1 1
11abda231924_image,none 1 0 0 1 1
7750ed45ff97_image,none 1 0 0 1 1
11f8052288c7_image,none 1 0 0 1 1
e61e420938b6_image,none 1 0 0 1 1
e8d801584d89_image,none 1 0 0 1 1
5fbc3a77d700_image,none 1 0 0 1 1
789ef0f544c3_image,none 1 0 0 1 1
d0d3d60f8914_image,none 1 0 0 1 1
949ea39318e2_image,none 1 0 0 1 1
0cccb1eca1fc_image,none 1 0 0 1 1
223115cbf342_image,none 1 0 0 1 1
b7ec5afe1084_image,none 1 0 0 1 1
1fb5ca50e8d3_image,none 1 0 0 1 1
51cbf7662bee_image,none 1 0 0 1 1
dea7079400f8_image,none 1 0 0 1 1
8e4fd6198ae9_image,none 1 0 0 1 1
beeb1db9f010_image,none 1 0 0 1 1
271bea69026c_image,none 1 0 0 1 1
53316aefede6_image,none 1 0 0 1 1
ee27ca277911_image,none 1 0 0 1 1
47a976677416_image,none 1 0 0 1 1
a8de2b8aae69_image,none 1 0 0 1 1
b96333d66af7_image,none 1 0 0 1 1
7e3c0527ddb7_image,none 1 0 0 1 1
91558723b2cd_image,none 1 0 0 1 1
3b1dcd10fa0e_image,none 1 0 0 1 1
56414fb3f177_image,none 1 0 0 1 1
fe508ca896d7_image,none 1 0 0 1 1
2d6a4bc38540_image,none 1 0 0 1 1
50c0e40fd929_image,none 1 0 0 1 1
b5a75701a05e_image,none 1 0 0 1 1
ebcc9bedfa05_image,none 1 0 0 1 1
e8b4525ec41f_image,none 1 0 0 1 1
01c3512eebc3_image,none 1 0 0 1 1
7529a3e9745b_image,none 1 0 0 1 1
b37ae8cb220b_image,none 1 0 0 1 1
db4cecc08fe8_image,none 1 0 0 1 1
43e370c03cd2_image,none 1 0 0 1 1
e1635f289c95_image,none 1 0 0 1 1
82af7f7081d7_image,none 1 0 0 1 1
633e41912f6e_image,none 1 0 0 1 1
0e97cc4123aa_image,none 1 0 0 1 1
36e1a455aafc_image,none 1 0 0 1 1
b4eed879daf4_image,none 1 0 0 1 1
1fba9eccac03_image,none 1 0 0 1 1
b1115b344129_image,none 1 0 0 1 1
7d68127f8818_image,none 1 0 0 1 1
5765f6b4707d_image,none 1 0 0 1 1
17ac0fe388c7_image,none 1 0 0 1 1
d997c6c6a9b4_image,none 1 0 0 1 1
d4ffcfab21d4_image,none 1 0 0 1 1
82eed39dfb6b_image,none 1 0 0 1 1
1ba8aa7acf76_image,none 1 0 0 1 1
4c0658c05a64_image,none 1 0 0 1 1
eb5787b68520_image,none 1 0 0 1 1
6ce67071aa0e_image,none 1 0 0 1 1
363fbf00088c_image,none 1 0 0 1 1
23d8a619f39c_image,none 1 0 0 1 1
dc6834a1efa6_image,none 1 0 0 1 1
afc074e1bdb7_image,none 1 0 0 1 1
409322480a9b_image,none 1 0 0 1 1
d1e5994d79de_image,none 1 0 0 1 1
84680684e418_image,none 1 0 0 1 1
951211f8e1bb_image,none 1 0 0 1 1
8f925628e0f2_image,none 1 0 0 1 1
dfc5c09a50bc_image,none 1 0 0 1 1
a492841dcf21_image,none 1 0 0 1 1
208c4c416450_image,none 1 0 0 1 1
9850b5470fd6_image,none 1 0 0 1 1
62eca401e981_image,none 1 0 0 1 1
db9da8404d58_image,none 1 0 0 1 1
b1e35564ea39_image,none 1 0 0 1 1
b6e6bb7b58d1_image,none 1 0 0 1 1
36a2991ffe0e_image,none 1 0 0 1 1
9b934d581e5d_image,none 1 0 0 1 1
0d617e83e527_image,none 1 0 0 1 1
629ef3bd6a66_image,none 1 0 0 1 1
8cf062b99674_image,none 1 0 0 1 1
04f4a36c08a2_image,none 1 0 0 1 1
50201fe80b1b_image,none 1 0 0 1 1
59c4bfbf8b5b_image,none 1 0 0 1 1
e226747a2d76_image,none 1 0 0 1 1
95ed767a23e3_image,none 1 0 0 1 1
bfaffdf740f5_image,none 1 0 0 1 1
04720d7e4e42_image,none 1 0 0 1 1
11b8e5179115_image,none 1 0 0 1 1
904141862f44_image,none 1 0 0 1 1
8f1894f52499_image,none 1 0 0 1 1
03a778f5a68b_image,none 1 0 0 1 1
7571cda597cb_image,none 1 0 0 1 1
91e5e9e37c58_image,none 1 0 0 1 1
e150241b43a4_image,none 1 0 0 1 1
de1b8900bf84_image,none 1 0 0 1 1
816bb3680b2a_image,none 1 0 0 1 1
62fb484194fb_image,none 1 0 0 1 1
35d6801ca10a_image,none 1 0 0 1 1
5e8d99b9ab38_image,none 1 0 0 1 1
5bab1b955f2a_image,none 1 0 0 1 1
9b3eae4045c8_image,none 1 0 0 1 1
144c27a2554a_image,none 1 0 0 1 1
13c550e44b7c_image,none 1 0 0 1 1
d0e4465e3731_image,none 1 0 0 1 1
b57e134bbaef_image,none 1 0 0 1 1
d42cadfaac8f_image,none 1 0 0 1 1
99978f106a39_image,none 1 0 0 1 1
50dfcc0c2826_image,none 1 0 0 1 1
af6abf791a39_image,none 1 0 0 1 1
3e4b4468eca3_image,none 1 0 0 1 1
fb073252b364_image,none 1 0 0 1 1
2083ae742497_image,none 1 0 0 1 1
6cc1a9065abb_image,none 1 0 0 1 1
252552312a42_image,none 1 0 0 1 1
7553bffc2232_image,none 1 0 0 1 1
8887b33c4bb3_image,none 1 0 0 1 1
59a0fc64bd20_image,none 1 0 0 1 1
f02e557a36dc_image,none 1 0 0 1 1
127c2b32dd5d_image,none 1 0 0 1 1
97de5453f769_image,none 1 0 0 1 1
318a1ecb6fc7_image,none 1 0 0 1 1
8c6d6a69d5dd_image,none 1 0 0 1 1
3b4ab121cbd4_image,none 1 0 0 1 1
2e131066f152_image,none 1 0 0 1 1
bcefb8e50563_image,none 1 0 0 1 1
363dd47c8b10_image,none 1 0 0 1 1
96780bd04f67_image,none 1 0 0 1 1
731910f93559_image,none 1 0 0 1 1
eaa1d528538f_image,none 1 0 0 1 1
760acda93997_image,none 1 0 0 1 1
d0e829b775fe_image,none 1 0 0 1 1
440de3bfe05a_image,none 1 0 0 1 1
55433651ec05_image,none 1 0 0 1 1
a72e1270f4cd_image,none 1 0 0 1 1
5699fc89704f_image,none 1 0 0 1 1
aa55fc6c616c_image,none 1 0 0 1 1
58bc298e0f9f_image,none 1 0 0 1 1
5adf919e765a_image,none 1 0 0 1 1
bb425c8a4aae_image,none 1 0 0 1 1
5cb984539107_image,none 1 0 0 1 1
079be2a10982_image,none 1 0 0 1 1
14db2ff155f6_image,none 1 0 0 1 1
56a3fb6663bf_image,none 1 0 0 1 1
3a73591225ea_image,none 1 0 0 1 1
a2460d88071d_image,none 1 0 0 1 1
c3ded8550e66_image,none 1 0 0 1 1
cdcfbf2ca285_image,none 1 0 0 1 1
303840f71bb5_image,none 1 0 0 1 1
11349660bb1a_image,none 1 0 0 1 1
94ddca484ebf_image,none 1 0 0 1 1
21d1f013892c_image,none 1 0 0 1 1
3288907ddc51_image,none 1 0 0 1 1
6e798a5025b7_image,none 1 0 0 1 1
1d674718db40_image,none 1 0 0 1 1
29c992128fbd_image,none 1 0 0 1 1
b4d04b517ef8_image,none 1 0 0 1 1
02eceb0fc405_image,none 1 0 0 1 1
c43e88a44468_image,none 1 0 0 1 1
1fcfc9845e81_image,none 1 0 0 1 1
718676f11609_image,none 1 0 0 1 1
35dd17ea3e6a_image,none 1 0 0 1 1
e831bebfa015_image,none 1 0 0 1 1
49c1b06028a1_image,none 1 0 0 1 1
a2c0d74fda88_image,none 1 0 0 1 1
9bc2041c6ac0_image,none 1 0 0 1 1
8757ce9b582c_image,none 1 0 0 1 1
0c81b34981b3_image,none 1 0 0 1 1
f8ed7c6111f1_image,none 1 0 0 1 1
ff5448be90d5_image,none 1 0 0 1 1
1047ca1a704c_image,none 1 0 0 1 1
cdc6e15cc1a6_image,none 1 0 0 1 1
65a5d46ef968_image,none 1 0 0 1 1
8b3366ec66d4_image,none 1 0 0 1 1
a84c79aac3c0_image,none 1 0 0 1 1
daf0bd7ba1b4_image,none 1 0 0 1 1
620191dbdfa4_image,none 1 0 0 1 1
81eb1b621a83_image,none 1 0 0 1 1
d4f61c144f48_image,none 1 0 0 1 1
f3f3ea70d5a7_image,none 1 0 0 1 1
a88f38a36bb2_image,none 1 0 0 1 1
d40d1b28e300_image,none 1 0 0 1 1
fcdb115a918f_image,none 1 0 0 1 1
1c47d2fcee72_image,none 1 0 0 1 1
8b901c5f333a_image,none 1 0 0 1 1
c0b95ee9cc9f_image,none 1 0 0 1 1
93ddd4e6eb4c_image,none 1 0 0 1 1
66ca7bb52ab9_image,none 1 0 0 1 1
458417ad6155_image,none 1 0 0 1 1
5b27050cfb90_image,none 1 0 0 1 1
f1b66ff8f4eb_image,none 1 0 0 1 1
5db9599cf9f7_image,none 1 0 0 1 1
45bc12129df2_image,none 1 0 0 1 1
acd735d74d02_image,none 1 0 0 1 1
c00bae0e7714_image,none 1 0 0 1 1
37811132dc96_image,none 1 0 0 1 1
d88e65063aef_image,none 1 0 0 1 1
7731db2caed2_image,none 1 0 0 1 1
5fa584b8b4ad_image,none 1 0 0 1 1
6758e5ed7742_image,none 1 0 0 1 1
1b0d0622ccea_image,none 1 0 0 1 1
c3d0378f8856_image,none 1 0 0 1 1
d750be1736db_image,none 1 0 0 1 1
bf5c7ef3b72a_image,none 1 0 0 1 1
75a172588bc8_image,none 1 0 0 1 1
b081d24bd60f_image,none 1 0 0 1 1
64c64a317c96_image,none 1 0 0 1 1
a6fae2436886_image,none 1 0 0 1 1
71a354af0223_image,none 1 0 0 1 1
27a4a0d2b7ec_image,none 1 0 0 1 1
e2c038335c9a_image,none 1 0 0 1 1
7e11aff74953_image,none 1 0 0 1 1
ecebf3314fbd_image,none 1 0 0 1 1
164dd63ae571_image,none 1 0 0 1 1
adb60ba82edf_image,none 1 0 0 1 1
8180af690aef_image,none 1 0 0 1 1
deb2db0a0efb_image,none 1 0 0 1 1
89128c0fa9f4_image,none 1 0 0 1 1
2f8c1d151802_image,none 1 0 0 1 1
acab76326ba1_image,none 1 0 0 1 1
abee6a2d0bf5_image,none 1 0 0 1 1
0a0c1312be06_image,none 1 0 0 1 1
173c3e37e1f3_image,none 1 0 0 1 1
e7b2a9418b98_image,none 1 0 0 1 1
be6bf80c7071_image,none 1 0 0 1 1
faf630376fa9_image,none 1 0 0 1 1
36ba388a18df_image,none 1 0 0 1 1
54066d711ef9_image,none 1 0 0 1 1
7ea12126a6e3_image,none 1 0 0 1 1
e20cf732e8eb_image,none 1 0 0 1 1
670989e56968_image,none 1 0 0 1 1
b4b6e82b3dc9_image,none 1 0 0 1 1
bca76008a759_image,none 1 0 0 1 1
404d53460643_image,none 1 0 0 1 1
37c6c0aee54b_image,none 1 0 0 1 1
11b9ab3af3db_image,none 1 0 0 1 1
b362aec0b6c5_image,none 1 0 0 1 1
d5a056bedf60_image,none 1 0 0 1 1
fe501aa91e43_image,none 1 0 0 1 1
eaec01e48714_image,none 1 0 0 1 1
fc332a1e51c9_image,none 1 0 0 1 1
1c69c1af9a67_image,none 1 0 0 1 1
25b281d5a9f3_image,none 1 0 0 1 1
b74f81d65e79_image,none 1 0 0 1 1
05ab2c886dc1_image,none 1 0 0 1 1
4f83ec489a15_image,none 1 0 0 1 1
f3239829a8dc_image,none 1 0 0 1 1
caa431721668_image,none 1 0 0 1 1
7509f6912049_image,none 1 0 0 1 1
c5a76564ef83_image,none 1 0 0 1 1
7a608ecc4868_image,none 1 0 0 1 1
c22134ea64bc_image,none 1 0 0 1 1
7bba27555fe4_image,none 1 0 0 1 1
bbb202078733_image,none 1 0 0 1 1
53b4af5b74d7_image,none 1 0 0 1 1
a356db474991_image,none 1 0 0 1 1
14eb73431579_image,none 1 0 0 1 1
0dc27df9b1bf_image,none 1 0 0 1 1
793167fdec10_image,none 1 0 0 1 1
beb80bb88a6e_image,none 1 0 0 1 1
26da12104c4d_image,none 1 0 0 1 1
6707b082f3c9_image,none 1 0 0 1 1
7bbafcdea0cc_image,none 1 0 0 1 1
51d9dda5e493_image,none 1 0 0 1 1
cca081560d98_image,none 1 0 0 1 1
4ccb8a39c77a_image,none 1 0 0 1 1
d35dc6f25249_image,none 1 0 0 1 1
cd6acf7eecab_image,none 1 0 0 1 1
17d708d24ae8_image,none 1 0 0 1 1
71dc3bd13f18_image,none 1 0 0 1 1
6be23f5c40f3_image,none 1 0 0 1 1
96948f97f356_image,none 1 0 0 1 1
fa0c84ee4577_image,none 1 0 0 1 1
f91fbbfe4682_image,none 1 0 0 1 1
f2d98750a22c_image,none 1 0 0 1 1
ab0a95dee3b0_image,none 1 0 0 1 1
89ee5be93326_image,none 1 0 0 1 1
d7aaf0a52df3_image,none 1 0 0 1 1
1aff7e4ed470_image,none 1 0 0 1 1
895701fa488e_image,none 1 0 0 1 1
abd45a0023eb_image,none 1 0 0 1 1
e252ffbf487e_image,none 1 0 0 1 1
fce43e07637a_image,none 1 0 0 1 1
56b010725833_image,none 1 0 0 1 1
fe2c1dc506e7_image,none 1 0 0 1 1
f2be75ff15ba_image,none 1 0 0 1 1
fe0cf147b965_image,none 1 0 0 1 1
3b5f48db44cc_image,none 1 0 0 1 1
022146012034_image,none 1 0 0 1 1
dc58aecf62e3_image,none 1 0 0 1 1
413344e1032c_image,none 1 0 0 1 1
64ea82b1343f_image,none 1 0 0 1 1
6f423b9b0633_image,none 1 0 0 1 1
1cbd87cb6bf9_image,none 1 0 0 1 1
2de24d1c32bb_image,none 1 0 0 1 1
c3afb9da2ebc_image,none 1 0 0 1 1
04a083828fec_image,none 1 0 0 1 1
897e2799654c_image,none 1 0 0 1 1
cc495995f8f5_image,none 1 0 0 1 1
08b12b305a50_image,none 1 0 0 1 1
ac238e67fdc5_image,none 1 0 0 1 1
1c5aa8c405c7_image,none 1 0 0 1 1
5a2b8c736aa3_image,none 1 0 0 1 1
8ea54e20fd42_image,none 1 0 0 1 1
a43200bd5ceb_image,none 1 0 0 1 1
60197b6237e4_image,none 1 0 0 1 1
d393233d1b40_image,none 1 0 0 1 1
88debce8e1c3_image,none 1 0 0 1 1
dc5141a2316a_image,none 1 0 0 1 1
fd322d964dc7_image,none 1 0 0 1 1
88e9dabee5fc_image,none 1 0 0 1 1
4d6c8e93e7c9_image,none 1 0 0 1 1
1f49246b305e_image,none 1 0 0 1 1
e95803934fc4_image,none 1 0 0 1 1
70bee63a6740_image,none 1 0 0 1 1
27d3da7a8e3d_image,none 1 0 0 1 1
79e957055a36_image,none 1 0 0 1 1
85b6452b47cc_image,none 1 0 0 1 1
1ab561ec5f7e_image,none 1 0 0 1 1
cede944b70a5_image,none 1 0 0 1 1
1dfed0992998_image,none 1 0 0 1 1
6d3f777f0a8c_image,none 1 0 0 1 1
04de800ea41a_image,none 1 0 0 1 1
9c460da48071_image,none 1 0 0 1 1
26102c3f4f0f_image,none 1 0 0 1 1
e420d66bb7f8_image,none 1 0 0 1 1
82da4f94ce03_image,none 1 0 0 1 1
9cd592696284_image,none 1 0 0 1 1
4d56b2fc668c_image,none 1 0 0 1 1
69ffab5539ec_image,none 1 0 0 1 1
03fa9d7e94a8_image,none 1 0 0 1 1
07db3756ec28_image,none 1 0 0 1 1
9271b6df7062_image,none 1 0 0 1 1
955bf1edd532_image,none 1 0 0 1 1
f016fe5579d7_image,none 1 0 0 1 1
f07e4a04078a_image,none 1 0 0 1 1
516e4adba012_image,none 1 0 0 1 1
1137ee93363f_image,none 1 0 0 1 1
ad98af65ad2a_image,none 1 0 0 1 1
059eae61ad15_image,none 1 0 0 1 1
4c56fe85fa4f_image,none 1 0 0 1 1
7d27573ab0c5_image,none 1 0 0 1 1
33d456320f28_image,none 1 0 0 1 1
ba0cf340582d_image,none 1 0 0 1 1
65acc1fb99a3_image,none 1 0 0 1 1
896d667947af_image,none 1 0 0 1 1
6dd0cdbd225f_image,none 1 0 0 1 1
251f897c9e10_image,none 1 0 0 1 1
ebf5edbbed2d_image,none 1 0 0 1 1
2955c5ce3f0f_image,none 1 0 0 1 1
a37a362df0ac_image,none 1 0 0 1 1
854f9f3e562f_image,none 1 0 0 1 1
6a5a6eaef699_image,none 1 0 0 1 1
edd69153435a_image,none 1 0 0 1 1
da66593f5d16_image,none 1 0 0 1 1
33e0c978d0da_image,none 1 0 0 1 1
abe007e3fc08_image,none 1 0 0 1 1
b92e6f1b6c1b_image,none 1 0 0 1 1
948e9f366810_image,none 1 0 0 1 1
3cccbd897c39_image,none 1 0 0 1 1
3bb8935d30d9_image,none 1 0 0 1 1
37d6750b5282_image,none 1 0 0 1 1
67f192ad1a53_image,none 1 0 0 1 1
7f090fbd8e7c_image,none 1 0 0 1 1
898d24f3cda6_image,none 1 0 0 1 1
a0f6e42396fc_image,none 1 0 0 1 1
422c0e145066_image,none 1 0 0 1 1
46719b856de1_image,none 1 0 0 1 1
31c07523a69a_image,none 1 0 0 1 1
f77d7d1aebab_image,none 1 0 0 1 1
ccc5b63ca96d_image,none 1 0 0 1 1
5e8ac1fe2b82_image,none 1 0 0 1 1
